,"Assembly","Category","Assembly_Type","Sequencing_Kit","Filtering","Polishing","Source","# contigs (>= 0 bp)","# contigs (>= 1000 bp)","# contigs (>= 5000 bp)","# contigs (>= 10000 bp)","# contigs (>= 25000 bp)","# contigs (>= 50000 bp)","Total length (>= 0 bp)","Total length (>= 1000 bp)","Total length (>= 5000 bp)","Total length (>= 10000 bp)","Total length (>= 25000 bp)","Total length (>= 50000 bp)","# contigs","Largest contig","Total length","GC (%)","N50","N75","L50","L75","# N's per 100 kbp","Isolate_Pathname"
0,"EC_A_4957_3S1_D_CuP_CeN","HLF","Hybrid","Ligation","Filtered","Pilon","Diseased",229,113,73,58,43,33,8081467,8030828,7942272,7828272,7578557,7197029,163,1889750,8064892,50.53,238124,106045,6,19,0,"EC-A-4957-3S1-D-CuP-CeN_HLF_quast_output"
0,"EC_A_0012_C5_H_CuP_CeN","HLF","Hybrid","Ligation","Filtered","Pilon","Cecal",6,6,4,2,2,2,5169485,5169485,5165161,5154206,5154206,5154206,6,5060504,5169485,50.53,5060504,5060504,1,1,0,"EC-A-0012-C5-H-CuP-CeN_HLF_quast_output"
0,"EC_A_0205_C9_H_CuP_CeP","HLF","Hybrid","Ligation","Filtered","Pilon","Cecal",7,7,6,4,3,3,5267088,5267088,5264999,5254044,5236775,5236775,7,5070291,5267088,50.46,5070291,5070291,1,1,0,"EC-A-0205-C9-H-CuP-CeP_HLF_quast_output"
0,"EC_E_3862_S2_D_CuP_CeP","HLF","Hybrid","Ligation","Filtered","Pilon","Diseased",197,111,69,59,38,26,5124885,5090177,4994885,4926095,4574375,4174202,137,426608,5109279,50.7,197395,71769,10,21,0,"EC-E-3862-S2-D-CuP-CeP_HLF_quast_output"
0,"EC_A_4957_C3_H_CuP_CeP","HLF","Hybrid","Ligation","Filtered","Pilon","Cecal",5,5,4,3,3,3,5301894,5301894,5300166,5294780,5294780,5294780,5,5058920,5301894,50.78,5058920,5058920,1,1,0,"EC-A-4957-C3-H-CuP-CeP_HLF_quast_output"
0,"EC_G_9619_2L1_D_CuP_CeP","HLF","Hybrid","Ligation","Filtered","Pilon","Diseased",3,3,2,2,2,2,5411232,5411232,5407650,5407650,5407650,5407650,3,5211599,5411232,50.77,5211599,5211599,1,1,0,"EC-G-9619-2L1-D-CuP-CeP_HLF_quast_output"
0,"EC_E_6245_2L1_D_CuP_CeP","HLF","Hybrid","Ligation","Filtered","Pilon","Diseased",5,5,4,3,3,3,5007304,5007304,5005208,4999822,4999822,4999822,5,4782482,5007304,50.64,4782482,4782482,1,1,0,"EC-E-6245-2L1-D-CuP-CeP_HLF_quast_output"
0,"EC_E_2402_1H1_D_CuP_CeP","HLF","Hybrid","Ligation","Filtered","Pilon","Diseased",177,80,58,51,35,27,7687067,7649733,7605195,7560303,7271536,6987723,107,1527990,7669568,50.7,328787,167717,5,13,0,"EC-E-2402-1H1-D-CuP-CeP_HLF_quast_output"
0,"EC_A_6245_C4_H_CuP_CeP","HLF","Hybrid","Ligation","Filtered","Pilon","Cecal",4,4,4,3,3,3,5050709,5050709,5050709,5045323,5045323,5045323,4,4746154,5050709,50.64,4746154,4746154,1,1,0,"EC-A-6245-C4-H-CuP-CeP_HLF_quast_output"
0,"EC_D_9226_2S1_D_CuP_CeP","HLF","Hybrid","Ligation","Filtered","Pilon","Diseased",21,17,13,10,9,8,5424619,5423709,5413080,5394072,5376240,5328935,17,3786225,5423709,50.62,3786225,700277,1,2,0,"EC-D-9226-2S1-D-CuP-CeP_HLF_quast_output"
0,"EC_B1_9226_C5_H_CuN_CeP","HLF","Hybrid","Ligation","Filtered","Pilon","Cecal",7,7,7,4,4,3,5396018,5396018,5396018,5377763,5377763,5331345,7,5122182,5396018,50.67,5122182,5122182,1,1,0,"EC-B1-9226-C5-H-CuN-CeP_HLF_quast_output"
0,"EC_D_9226_3H1_D_CuP_CeP","HLF","Hybrid","Ligation","Filtered","Pilon","Diseased",11,9,4,3,3,3,5221063,5220042,5206438,5201052,5201052,5201052,10,4953954,5220578,50.63,4953954,4953954,1,1,0,"EC-D-9226-3H1-D-CuP-CeP_HLF_quast_output"
0,"EC_B2_0012_2L1_D_CuN_CeP","HLF","Hybrid","Ligation","Filtered","Pilon","Diseased",2,2,2,2,2,2,5049921,5049921,5049921,5049921,5049921,5049921,2,4903617,5049921,50.58,4903617,4903617,1,1,0,"EC-B2-0012-2L1-D-CuN-CeP_HLF_quast_output"
0,"EC_G_0205_3S1_D_CuP_CeP","HLF","Hybrid","Ligation","Filtered","Pilon","Diseased",6,6,5,4,4,3,5357179,5357179,5354963,5349577,5349577,5316627,6,5062509,5357179,50.55,5062509,5062509,1,1,0,"EC-G-0205-3S1-D-CuP-CeP_HLF_quast_output"
0,"EC_B1_7578_1L2_D_CuP_CeP","HLF","Hybrid","Ligation","Filtered","Pilon","Diseased",3,3,3,2,2,2,5027857,5027857,5027857,5022471,5022471,5022471,3,4907800,5027857,50.36,4907800,4907800,1,1,0,"EC-B1-7578-1L2-D-CuP-CeP_HLF_quast_output"
0,"EC_B1_9413_C4_H_CuP_CeP","HLF","Hybrid","Ligation","Filtered","Pilon","Cecal",8,5,3,2,2,2,5118857,5116709,5114306,5108920,5108920,5108920,8,5018673,5118857,50.71,5018673,5018673,1,1,0,"EC-B1-9413-C4-H-CuP-CeP_HLF_quast_output"
0,"EC_C_23315_C5_H_CuP_CeP","HLF","Hybrid","Ligation","Filtered","Pilon","Cecal",10,10,7,5,5,4,5158399,5158399,5149934,5137901,5137901,5099921,10,4288702,5158399,50.65,4288702,4288702,1,1,0,"EC-C-23315-C5-H-CuP-CeP_HLF_quast_output"
0,"EC_A_9619_3S1_D_CuP_CeP","HLF","Hybrid","Ligation","Filtered","Pilon","Diseased",4,4,4,4,4,3,5310753,5310753,5310753,5310753,5310753,5265214,4,4932041,5310753,50.44,4932041,4932041,1,1,0,"EC-A-9619-3S1-D-CuP-CeP_HLF_quast_output"
0,"EC_C_6245_1H1_D_CuP_CeP","HLF","Hybrid","Ligation","Filtered","Pilon","Diseased",5,5,4,3,3,3,5007317,5007317,5005221,4999835,4999835,4999835,5,4782495,5007317,50.64,4782495,4782495,1,1,0,"EC-C-6245-1H1-D-CuP-CeP_HLF_quast_output"
0,"EC_E_3862_S2_D_CuP_CeP","HLUF","Hybrid","Ligation","Unfiltered","Pilon","Diseased",184,101,67,57,38,28,5128134,5102119,5026997,4957303,4610742,4265492,116,426608,5112235,50.69,178769,77722,10,21,0,"EC-E-3862-S2-D-CuP-CeP_HLUF_quast_output"
0,"EC_B2_0012_2L1_D_CuN_CeP","HLUF","Hybrid","Ligation","Unfiltered","Pilon","Diseased",5,5,4,3,2,2,5044925,5044925,5042588,5037202,5014704,5014704,5,4903794,5044925,50.58,4903794,4903794,1,1,0,"EC-B2-0012-2L1-D-CuN-CeP_HLUF_quast_output"
0,"EC_D_9226_3H1_D_CuP_CeP","HLUF","Hybrid","Ligation","Unfiltered","Pilon","Diseased",12,9,5,3,3,3,5226646,5225520,5214754,5201057,5201057,5201057,10,4953938,5226040,50.65,4953938,4953938,1,1,0,"EC-D-9226-3H1-D-CuP-CeP_HLUF_quast_output"
0,"EC_C_23315_C5_H_CuP_CeP","HLUF","Hybrid","Ligation","Unfiltered","Pilon","Cecal",8,8,6,4,4,3,5163408,5163408,5159897,5147864,5147864,5109884,8,4814882,5163408,50.65,4814882,4814882,1,1,0,"EC-C-23315-C5-H-CuP-CeP_HLUF_quast_output"
0,"EC_B1_7578_1L2_D_CuP_CeP","HLUF","Hybrid","Ligation","Unfiltered","Pilon","Diseased",3,3,3,2,2,2,5028273,5028273,5028273,5022887,5022887,5022887,3,4908216,5028273,50.36,4908216,4908216,1,1,0,"EC-B1-7578-1L2-D-CuP-CeP_HLUF_quast_output"
0,"EC_B1_9413_C4_H_CuP_CeP","HLUF","Hybrid","Ligation","Unfiltered","Pilon","Cecal",9,5,3,2,2,2,5118798,5116114,5113726,5108340,5108340,5108340,9,5018669,5118798,50.71,5018669,5018669,1,1,0,"EC-B1-9413-C4-H-CuP-CeP_HLUF_quast_output"
0,"EC_E_6245_2L1_D_CuP_CeP","HLUF","Hybrid","Ligation","Unfiltered","Pilon","Diseased",5,5,4,3,3,3,5007321,5007321,5005225,4999839,4999839,4999839,5,4782491,5007321,50.64,4782491,4782491,1,1,0,"EC-E-6245-2L1-D-CuP-CeP_HLUF_quast_output"
0,"EC_A_0205_C9_H_CuP_CeP","HLUF","Hybrid","Ligation","Unfiltered","Pilon","Cecal",18,18,12,7,4,4,5359466,5359466,5341550,5310291,5266052,5266052,18,4848791,5359466,50.39,4848791,4848791,1,1,0,"EC-A-0205-C9-H-CuP-CeP_HLUF_quast_output"
0,"EC_B1_9226_C5_H_CuN_CeP","HLUF","Hybrid","Ligation","Unfiltered","Pilon","Cecal",6,6,6,3,3,2,5396018,5396018,5396018,5377763,5377763,5331344,6,5122183,5396018,50.67,5122183,5122183,1,1,0,"EC-B1-9226-C5-H-CuN-CeP_HLUF_quast_output"
0,"EC_D_9226_2S1_D_CuP_CeP","HLUF","Hybrid","Ligation","Unfiltered","Pilon","Diseased",39,27,19,15,13,11,5524940,5519810,5502746,5475901,5437065,5371617,33,1937024,5523388,50.61,1609260,354031,2,4,0,"EC-D-9226-2S1-D-CuP-CeP_HLUF_quast_output"
0,"EC_A_4957_C3_H_CuP_CeP","HLUF","Hybrid","Ligation","Unfiltered","Pilon","Cecal",5,5,4,3,3,3,5302477,5302477,5300165,5294779,5294779,5294779,5,5058919,5302477,50.77,5058919,5058919,1,1,0,"EC-A-4957-C3-H-CuP-CeP_HLUF_quast_output"
0,"EC_A_0012_C5_H_CuP_CeN","HLUF","Hybrid","Ligation","Unfiltered","Pilon","Cecal",6,6,4,2,2,2,5169481,5169481,5165157,5154202,5154202,5154202,6,5060500,5169481,50.53,5060500,5060500,1,1,0,"EC-A-0012-C5-H-CuP-CeN_HLUF_quast_output"
0,"EC_A_4957_3S1_D_CuP_CeN","HLUF","Hybrid","Ligation","Unfiltered","Pilon","Diseased",4,4,4,4,4,4,5699927,5699927,5699927,5699927,5699927,5699927,4,5136994,5699927,50.53,5136994,5136994,1,1,0,"EC-A-4957-3S1-D-CuP-CeN_HLUF_quast_output"
0,"EC_C_6245_1H1_D_CuP_CeP","HLUF","Hybrid","Ligation","Unfiltered","Pilon","Diseased",5,5,4,3,3,3,5006962,5006962,5004866,4999480,4999480,4999480,5,4782132,5006962,50.64,4782132,4782132,1,1,0,"EC-C-6245-1H1-D-CuP-CeP_HLUF_quast_output"
0,"EC_A_6245_C4_H_CuP_CeP","HLUF","Hybrid","Ligation","Unfiltered","Pilon","Cecal",3,3,3,3,3,3,5045063,5045063,5045063,5045063,5045063,5045063,3,4745930,5045063,50.65,4745930,4745930,1,1,0,"EC-A-6245-C4-H-CuP-CeP_HLUF_quast_output"
0,"EC_G_9619_2L1_D_CuP_CeP","HLUF","Hybrid","Ligation","Unfiltered","Pilon","Diseased",2,2,2,2,2,2,5409439,5409439,5409439,5409439,5409439,5409439,2,5213400,5409439,50.77,5213400,5213400,1,1,0,"EC-G-9619-2L1-D-CuP-CeP_HLUF_quast_output"
0,"EC_A_9619_3S1_D_CuP_CeP","HLUF","Hybrid","Ligation","Unfiltered","Pilon","Diseased",4,4,4,4,4,3,5310745,5310745,5310745,5310745,5310745,5265209,4,4932034,5310745,50.44,4932034,4932034,1,1,0,"EC-A-9619-3S1-D-CuP-CeP_HLUF_quast_output"
0,"EC_G_0205_3S1_D_CuP_CeP","HLUF","Hybrid","Ligation","Unfiltered","Pilon","Diseased",8,8,7,5,5,4,5465563,5465563,5463347,5452866,5452866,5419916,8,5074721,5465563,50.58,5074721,5074721,1,1,0,"EC-G-0205-3S1-D-CuP-CeP_HLUF_quast_output"
0,"EC_E_2402_1H1_D_CuP_CeP","HLUF","Hybrid","Ligation","Unfiltered","Pilon","Diseased",169,81,55,46,33,26,7824114,7797779,7747365,7685300,7435438,7196525,96,1740054,7808093,50.79,609948,167717,3,11,0,"EC-E-2402-1H1-D-CuP-CeP_HLUF_quast_output"
0,"EC_E_2402_1H1_D_CuP_CeP","HRF","Hybrid","Rapid","Filtered","Pilon","Diseased",5,5,4,3,3,3,5255468,5255468,5253132,5247746,5247746,5247746,5,5053103,5255468,50.75,5053103,5053103,1,1,0,"EC-E-2402-1H1-D-CuP-CeP_HRF_quast_output"
0,"EC_A_6245_C4_H_CuP_CeP","HRF","Hybrid","Rapid","Filtered","Pilon","Cecal",4,4,4,3,3,3,5050709,5050709,5050709,5045323,5045323,5045323,4,4746154,5050709,50.64,4746154,4746154,1,1,0,"EC-A-6245-C4-H-CuP-CeP_HRF_quast_output"
0,"EC_D_9226_2S1_D_CuP_CeP","HRF","Hybrid","Rapid","Filtered","Pilon","Diseased",12,10,6,5,5,5,5396345,5395122,5385919,5380533,5380533,5380533,12,4954228,5396345,50.64,4954228,4954228,1,1,0,"EC-D-9226-2S1-D-CuP-CeP_HRF_quast_output"
0,"EC_D_9226_3H1_D_CuP_CeP","HRF","Hybrid","Rapid","Filtered","Pilon","Diseased",7,7,4,3,3,3,5213934,5213934,5205837,5200451,5200451,5200451,7,4953931,5213934,50.64,4953931,4953931,1,1,0,"EC-D-9226-3H1-D-CuP-CeP_HRF_quast_output"
0,"EC_B1_9226_C5_H_CuN_CeP","HRF","Hybrid","Rapid","Filtered","Pilon","Cecal",7,7,7,4,4,3,5387167,5387167,5387167,5368912,5368912,5322495,7,5113334,5387167,50.68,5113334,5113334,1,1,0,"EC-B1-9226-C5-H-CuN-CeP_HRF_quast_output"
0,"EC_B1_7578_1L2_D_CuP_CeP","HRF","Hybrid","Rapid","Filtered","Pilon","Diseased",4,3,3,2,2,2,5028396,5028257,5028257,5022871,5022871,5022871,3,4908200,5028257,50.36,4908200,4908200,1,1,0,"EC-B1-7578-1L2-D-CuP-CeP_HRF_quast_output"
0,"EC_B2_0012_2L1_D_CuN_CeP","HRF","Hybrid","Rapid","Filtered","Pilon","Diseased",2,2,2,2,2,2,5058355,5058355,5058355,5058355,5058355,5058355,2,4903527,5058355,50.58,4903527,4903527,1,1,0,"EC-B2-0012-2L1-D-CuN-CeP_HRF_quast_output"
0,"EC_A_9619_3S1_D_CuP_CeP","HRF","Hybrid","Rapid","Filtered","Pilon","Diseased",8,7,5,4,4,2,5233102,5232918,5229500,5224114,5224114,5144408,7,4895837,5232918,50.43,4895837,4895837,1,1,0,"EC-A-9619-3S1-D-CuP-CeP_HRF_quast_output"
0,"EC_B1_9413_C4_H_CuP_CeP","HRF","Hybrid","Rapid","Filtered","Pilon","Cecal",5,4,3,2,2,2,5116835,5116299,5114459,5109073,5109073,5109073,5,5019402,5116835,50.71,5019402,5019402,1,1,0,"EC-B1-9413-C4-H-CuP-CeP_HRF_quast_output"
0,"EC_E_6245_2L1_D_CuP_CeP","HRF","Hybrid","Rapid","Filtered","Pilon","Diseased",5,5,4,3,3,3,5006962,5006962,5004866,4999480,4999480,4999480,5,4782132,5006962,50.64,4782132,4782132,1,1,0,"EC-E-6245-2L1-D-CuP-CeP_HRF_quast_output"
0,"EC_A_4957_3S1_D_CuP_CeN","HRF","Hybrid","Rapid","Filtered","Pilon","Diseased",6,6,5,4,4,4,5670556,5670556,5668461,5663075,5663075,5663075,6,5100077,5670556,50.5,5100077,5100077,1,1,0,"EC-A-4957-3S1-D-CuP-CeN_HRF_quast_output"
0,"EC_A_0205_C9_H_CuP_CeP","HRF","Hybrid","Rapid","Filtered","Pilon","Cecal",6,6,5,3,3,3,5242423,5242423,5240334,5229379,5229379,5229379,6,5062895,5242423,50.46,5062895,5062895,1,1,0,"EC-A-0205-C9-H-CuP-CeP_HRF_quast_output"
0,"EC_A_0012_C5_H_CuP_CeN","HRF","Hybrid","Rapid","Filtered","Pilon","Cecal",7,7,5,3,3,3,5169481,5169481,5165157,5154202,5154202,5154202,7,3743793,5169481,50.53,3743793,1316707,1,2,0,"EC-A-0012-C5-H-CuP-CeN_HRF_quast_output"
0,"EC_A_4957_C3_H_CuP_CeP","HRF","Hybrid","Rapid","Filtered","Pilon","Cecal",5,5,4,3,3,3,5302477,5302477,5300165,5294779,5294779,5294779,5,5058919,5302477,50.77,5058919,5058919,1,1,0,"EC-A-4957-C3-H-CuP-CeP_HRF_quast_output"
0,"EC_G_0205_3S1_D_CuP_CeP","HRF","Hybrid","Rapid","Filtered","Pilon","Diseased",6,6,5,4,4,3,5357163,5357163,5354947,5349561,5349561,5316611,6,5062493,5357163,50.55,5062493,5062493,1,1,0,"EC-G-0205-3S1-D-CuP-CeP_HRF_quast_output"
0,"EC_G_9619_2L1_D_CuP_CeP","HRF","Hybrid","Rapid","Filtered","Pilon","Diseased",8,8,3,2,2,2,5415417,5415417,5408007,5402621,5402621,5402621,8,5213597,5415417,50.77,5213597,5213597,1,1,0,"EC-G-9619-2L1-D-CuP-CeP_HRF_quast_output"
0,"EC_E_3862_S2_D_CuP_CeP","HRF","Hybrid","Rapid","Filtered","Pilon","Diseased",5,5,4,3,3,3,5255478,5255478,5253141,5247755,5247755,5247755,5,5053112,5255478,50.75,5053112,5053112,1,1,0,"EC-E-3862-S2-D-CuP-CeP_HRF_quast_output"
0,"EC_C_6245_1H1_D_CuP_CeP","HRF","Hybrid","Rapid","Filtered","Pilon","Diseased",7,7,6,4,4,4,5002083,5002083,4999987,4989258,4989258,4989258,7,4685362,5002083,50.64,4685362,4685362,1,1,0,"EC-C-6245-1H1-D-CuP-CeP_HRF_quast_output"
0,"EC_C_23315_C5_H_CuP_CeP","HRF","Hybrid","Rapid","Filtered","Pilon","Cecal",7,7,6,4,4,3,5163317,5163317,5161765,5149732,5149732,5109793,7,4814791,5163317,50.65,4814791,4814791,1,1,0,"EC-C-23315-C5-H-CuP-CeP_HRF_quast_output"
0,"EC_E_2402_1H1_D_CuP_CeP","HRUF","Hybrid","Rapid","Unfiltered","Pilon","Diseased",7,6,4,3,3,2,5252761,5252028,5247726,5242340,5242340,5194723,7,5053103,5252761,50.75,5053103,5053103,1,1,0,"EC-E-2402-1H1-D-CuP-CeP_HRUF_quast_output"
0,"EC_E_6245_2L1_D_CuP_CeP","HRUF","Hybrid","Rapid","Unfiltered","Pilon","Diseased",8,6,5,4,3,3,5026981,5025577,5023481,5018095,4998766,4998766,8,4781951,5026981,50.63,4781951,4781951,1,1,0,"EC-E-6245-2L1-D-CuP-CeP_HRUF_quast_output"
0,"EC_A_9619_3S1_D_CuP_CeP","HRUF","Hybrid","Rapid","Unfiltered","Pilon","Diseased",5,5,4,4,4,3,5313691,5313691,5310602,5310602,5310602,5265064,5,4931907,5313691,50.43,4931907,4931907,1,1,0,"EC-A-9619-3S1-D-CuP-CeP_HRUF_quast_output"
0,"EC_A_4957_C3_H_CuP_CeP","HRUF","Hybrid","Rapid","Unfiltered","Pilon","Cecal",8,8,5,4,4,3,5350578,5350578,5345686,5340300,5340300,5294779,8,5058919,5350578,50.78,5058919,5058919,1,1,0,"EC-A-4957-C3-H-CuP-CeP_HRUF_quast_output"
0,"EC_B2_0012_2L1_D_CuN_CeP","HRUF","Hybrid","Rapid","Unfiltered","Pilon","Diseased",3,3,2,2,2,2,5039624,5039624,5036850,5036850,5036850,5036850,3,4903461,5039624,50.58,4903461,4903461,1,1,0,"EC-B2-0012-2L1-D-CuN-CeP_HRUF_quast_output"
0,"EC_C_23315_C5_H_CuP_CeP","HRUF","Hybrid","Rapid","Unfiltered","Pilon","Cecal",10,9,6,4,4,3,5160803,5160102,5154778,5142745,5142745,5107279,10,4814791,5160803,50.65,4814791,4814791,1,1,0,"EC-C-23315-C5-H-CuP-CeP_HRUF_quast_output"
0,"EC_D_9226_3H1_D_CuP_CeP","HRUF","Hybrid","Rapid","Unfiltered","Pilon","Diseased",7,7,4,3,3,3,5213748,5213748,5205651,5200265,5200265,5200265,7,4953745,5213748,50.64,4953745,4953745,1,1,0,"EC-D-9226-3H1-D-CuP-CeP_HRUF_quast_output"
0,"EC_G_9619_2L1_D_CuP_CeP","HRUF","Hybrid","Rapid","Unfiltered","Pilon","Diseased",4,4,3,2,2,2,5417076,5417076,5415093,5409707,5409707,5409707,4,5213620,5417076,50.77,5213620,5213620,1,1,0,"EC-G-9619-2L1-D-CuP-CeP_HRUF_quast_output"
0,"EC_B1_9226_C5_H_CuN_CeP","HRUF","Hybrid","Rapid","Unfiltered","Pilon","Cecal",13,11,7,3,3,2,5391406,5391011,5382313,5357602,5357602,5313692,11,5113334,5391011,50.68,5113334,5113334,1,1,0,"EC-B1-9226-C5-H-CuN-CeP_HRUF_quast_output"
0,"EC_E_3862_S2_D_CuP_CeP","HRUF","Hybrid","Rapid","Unfiltered","Pilon","Diseased",4,4,3,3,3,3,5249792,5249792,5247472,5247472,5247472,5247472,4,5052861,5249792,50.75,5052861,5052861,1,1,0,"EC-E-3862-S2-D-CuP-CeP_HRUF_quast_output"
0,"EC_A_4957_3S1_D_CuP_CeN","HRUF","Hybrid","Rapid","Unfiltered","Pilon","Diseased",9,8,6,5,5,5,5641855,5641138,5636912,5631526,5631526,5631526,9,3198635,5641855,50.48,3198635,1869893,1,2,0,"EC-A-4957-3S1-D-CuP-CeN_HRUF_quast_output"
0,"EC_C_6245_1H1_D_CuP_CeP","HRUF","Hybrid","Rapid","Unfiltered","Pilon","Diseased",5,5,4,3,3,3,5007334,5007334,5005238,4999852,4999852,4999852,5,4782504,5007334,50.64,4782504,4782504,1,1,0,"EC-C-6245-1H1-D-CuP-CeP_HRUF_quast_output"
0,"EC_G_0205_3S1_D_CuP_CeP","HRUF","Hybrid","Rapid","Unfiltered","Pilon","Diseased",6,6,5,4,4,3,5357163,5357163,5354947,5349561,5349561,5316611,6,5062493,5357163,50.55,5062493,5062493,1,1,0,"EC-G-0205-3S1-D-CuP-CeP_HRUF_quast_output"
0,"EC_A_6245_C4_H_CuP_CeP","HRUF","Hybrid","Rapid","Unfiltered","Pilon","Cecal",4,4,4,3,3,3,5050709,5050709,5050709,5045323,5045323,5045323,4,4746154,5050709,50.64,4746154,4746154,1,1,0,"EC-A-6245-C4-H-CuP-CeP_HRUF_quast_output"
0,"EC_B1_9413_C4_H_CuP_CeP","HRUF","Hybrid","Rapid","Unfiltered","Pilon","Cecal",109,14,7,4,4,4,5086490,5057446,5040402,5022691,5022691,5022691,31,4005345,5068506,50.69,4005345,4005345,1,1,0,"EC-B1-9413-C4-H-CuP-CeP_HRUF_quast_output"
0,"EC_B1_7578_1L2_D_CuP_CeP","HRUF","Hybrid","Rapid","Unfiltered","Pilon","Diseased",15,6,5,4,3,3,5009026,5006817,5005261,4999875,4983571,4983571,6,2490419,5006817,50.37,2378481,2378481,2,2,0,"EC-B1-7578-1L2-D-CuP-CeP_HRUF_quast_output"
0,"EC_A_0205_C9_H_CuP_CeP","HRUF","Hybrid","Rapid","Unfiltered","Pilon","Cecal",6,6,5,3,3,3,5242423,5242423,5240334,5229379,5229379,5229379,6,5062895,5242423,50.46,5062895,5062895,1,1,0,"EC-A-0205-C9-H-CuP-CeP_HRUF_quast_output"
0,"EC_D_9226_2S1_D_CuP_CeP","HRUF","Hybrid","Rapid","Unfiltered","Pilon","Diseased",10,10,7,6,6,5,5396364,5396364,5388267,5382881,5382881,5336904,10,4954221,5396364,50.64,4954221,4954221,1,1,0,"EC-D-9226-2S1-D-CuP-CeP_HRUF_quast_output"
0,"EC_A_0012_C5_H_CuP_CeN","HRUF","Hybrid","Rapid","Unfiltered","Pilon","Cecal",6,6,4,2,2,2,5169481,5169481,5165157,5154202,5154202,5154202,6,5060500,5169481,50.53,5060500,5060500,1,1,0,"EC-A-0012-C5-H-CuP-CeN_HRUF_quast_output"
0,"EC_B1_7578_1L2_D_CuP_CeP","LLF","Long_Read","Ligation","Filtering","UNolished","Diseased",2,2,2,2,2,2,5009101,5009101,5009101,5009101,5009101,5009101,2,4894845,5009101,50.4,4894845,4894845,1,1,0,"EC-B1-7578-1L2-D-CuP-CeP_LLF_quast_output"
0,"EC_D_9226_3H1_D_CuP_CeP","LLF","Long_Read","Ligation","Filtering","UNolished","Diseased",15,15,14,11,8,4,5517159,5517159,5515396,5490017,5452466,5299609,15,4950493,5517159,50.81,4950493,4950493,1,1,0,"EC-D-9226-3H1-D-CuP-CeP_LLF_quast_output"
0,"EC_G_9619_2L1_D_CuP_CeP","LLF","Long_Read","Ligation","Filtering","UNolished","Diseased",3,3,2,2,2,2,5404112,5404112,5400534,5400534,5400534,5400534,3,5204820,5404112,50.85,5204820,5204820,1,1,0,"EC-G-9619-2L1-D-CuP-CeP_LLF_quast_output"
0,"EC_E_6245_2L1_D_CuP_CeP","LLF","Long_Read","Ligation","Filtering","UNolished","Diseased",3,3,3,3,3,3,4989973,4989973,4989973,4989973,4989973,4989973,3,4773535,4989973,50.75,4773535,4773535,1,1,0,"EC-E-6245-2L1-D-CuP-CeP_LLF_quast_output"
0,"EC_D_9226_2S1_D_CuP_CeP","LLF","Long_Read","Ligation","Filtering","UNolished","Diseased",5,5,5,5,5,4,5586084,5586084,5586084,5586084,5586084,5544494,5,2841403,5586084,50.43,2841403,1422270,1,2,0,"EC-D-9226-2S1-D-CuP-CeP_LLF_quast_output"
0,"EC_A_6245_C4_H_CuP_CeP","LLF","Long_Read","Ligation","Filtering","UNolished","Cecal",3,3,3,3,3,3,5035320,5035320,5035320,5035320,5035320,5035320,3,4736850,5035320,50.81,4736850,4736850,1,1,0,"EC-A-6245-C4-H-CuP-CeP_LLF_quast_output"
0,"EC_E_3862_S2_D_CuP_CeP","LLF","Long_Read","Ligation","Filtering","UNolished","Diseased",16,16,15,13,5,1,391469,391469,387116,370496,226256,83691,16,83691,391469,51.21,31056,24479,4,8,0,"EC-E-3862-S2-D-CuP-CeP_LLF_quast_output"
0,"EC_C_6245_1H1_D_CuP_CeP","LLF","Long_Read","Ligation","Filtering","UNolished","Diseased",3,3,3,3,3,3,4990576,4990576,4990576,4990576,4990576,4990576,3,4773791,4990576,50.75,4773791,4773791,1,1,0,"EC-C-6245-1H1-D-CuP-CeP_LLF_quast_output"
0,"EC_B1_9413_C4_H_CuP_CeP","LLF","Long_Read","Ligation","Filtering","UNolished","Cecal",2,2,2,2,2,2,5098314,5098314,5098314,5098314,5098314,5098314,2,5008458,5098314,50.75,5008458,5008458,1,1,0,"EC-B1-9413-C4-H-CuP-CeP_LLF_quast_output"
0,"EC_E_2402_1H1_D_CuP_CeP","LLF","Long_Read","Ligation","Filtering","UNolished","Diseased",21,21,15,9,7,5,5531803,5531803,5513393,5469037,5431007,5359902,21,3424700,5531803,50.61,3424700,1629426,1,2,0,"EC-E-2402-1H1-D-CuP-CeP_LLF_quast_output"
0,"EC_A_4957_3S1_D_CuP_CeN","LLF","Long_Read","Ligation","Filtering","UNolished","Diseased",3,3,3,2,2,2,5201087,5201087,5201087,5194460,5194460,5194460,3,5072234,5201087,50.71,5072234,5072234,1,1,0,"EC-A-4957-3S1-D-CuP-CeN_LLF_quast_output"
0,"EC_A_9619_3S1_D_CuP_CeP","LLF","Long_Read","Ligation","Filtering","UNolished","Diseased",4,4,4,4,4,3,5301394,5301394,5301394,5301394,5301394,5256004,4,4923643,5301394,50.59,4923643,4923643,1,1,0,"EC-A-9619-3S1-D-CuP-CeP_LLF_quast_output"
0,"EC_A_0205_C9_H_CuP_CeP","LLF","Long_Read","Ligation","Filtering","UNolished","Cecal",12,12,8,5,3,3,5312331,5312331,5303125,5285896,5252527,5252527,12,5086409,5312331,50.51,5086409,5086409,1,1,0,"EC-A-0205-C9-H-CuP-CeP_LLF_quast_output"
0,"EC_G_0205_3S1_D_CuP_CeP","LLF","Long_Read","Ligation","Filtering","UNolished","Diseased",19,19,14,10,8,5,5512901,5512901,5496793,5469418,5436795,5316072,19,3006260,5512901,50.63,3006260,1965055,1,2,0,"EC-G-0205-3S1-D-CuP-CeP_LLF_quast_output"
0,"EC_A_0012_C5_H_CuP_CeN","LLF","Long_Read","Ligation","Filtering","UNolished","Cecal",3,3,3,2,2,2,5148732,5148732,5148732,5143190,5143190,5143190,3,5049784,5148732,50.58,5049784,5049784,1,1,0,"EC-A-0012-C5-H-CuP-CeN_LLF_quast_output"
0,"EC_C_23315_C5_H_CuP_CeP","LLF","Long_Read","Ligation","Filtering","UNolished","Cecal",8,8,8,7,7,6,5144180,5144180,5144180,5137523,5137523,5102518,8,2477956,5144180,50.79,1698066,1698066,2,2,0,"EC-C-23315-C5-H-CuP-CeP_LLF_quast_output"
0,"EC_B1_9226_C5_H_CuN_CeP","LLF","Long_Read","Ligation","Filtering","UNolished","Cecal",6,6,6,6,4,3,5389210,5389210,5389210,5389210,5363608,5317333,6,5108985,5389210,50.82,5108985,5108985,1,1,0,"EC-B1-9226-C5-H-CuN-CeP_LLF_quast_output"
0,"EC_A_4957_C3_H_CuP_CeP","LLF","Long_Read","Ligation","Filtering","UNolished","Cecal",3,3,3,3,3,3,5290277,5290277,5290277,5290277,5290277,5290277,3,5054724,5290277,50.75,5054724,5054724,1,1,0,"EC-A-4957-C3-H-CuP-CeP_LLF_quast_output"
0,"EC_B2_0012_2L1_D_CuN_CeP","LLF","Long_Read","Ligation","Filtering","UNolished","Diseased",2,2,2,2,2,2,5040969,5040969,5040969,5040969,5040969,5040969,2,4894964,5040969,50.73,4894964,4894964,1,1,0,"EC-B2-0012-2L1-D-CuN-CeP_LLF_quast_output"
0,"EC_A_0205_C9_H_CuP_CeP","LLFM","Long_Read","Ligation","Filtering","Medaka","Cecal",12,12,8,5,3,3,5309906,5309906,5300680,5283398,5249911,5249911,12,5083447,5309906,50.45,5083447,5083447,1,1,0,"EC-A-0205-C9-H-CuP-CeP_LLFM_quast_output"
0,"EC_A_6245_C4_H_CuP_CeP","LLFM","Long_Read","Ligation","Filtering","Medaka","Cecal",3,3,3,3,3,3,5045393,5045393,5045393,5045393,5045393,5045393,3,4746214,5045393,50.77,4746214,4746214,1,1,0,"EC-A-6245-C4-H-CuP-CeP_LLFM_quast_output"
0,"EC_D_9226_3H1_D_CuP_CeP","LLFM","Long_Read","Ligation","Filtering","Medaka","Diseased",15,15,14,11,8,4,5526824,5526824,5525052,5499609,5462002,5308524,15,4958612,5526824,50.76,4958612,4958612,1,1,0,"EC-D-9226-3H1-D-CuP-CeP_LLFM_quast_output"
0,"EC_G_0205_3S1_D_CuP_CeP","LLFM","Long_Read","Ligation","Filtering","Medaka","Diseased",19,19,14,10,8,5,5523308,5523308,5507158,5479704,5446997,5325956,19,3011953,5523308,50.57,3011953,1968535,1,2,0,"EC-G-0205-3S1-D-CuP-CeP_LLFM_quast_output"
0,"EC_G_9619_2L1_D_CuP_CeP","LLFM","Long_Read","Ligation","Filtering","Medaka","Diseased",3,3,2,2,2,2,5413727,5413727,5410144,5410144,5410144,5410144,3,5213981,5413727,50.81,5213981,5213981,1,1,0,"EC-G-9619-2L1-D-CuP-CeP_LLFM_quast_output"
0,"EC_A_0012_C5_H_CuP_CeN","LLFM","Long_Read","Ligation","Filtering","Medaka","Cecal",3,3,3,2,2,2,5159088,5159088,5159088,5153518,5153518,5153518,3,5059912,5159088,50.55,5059912,5059912,1,1,0,"EC-A-0012-C5-H-CuP-CeN_LLFM_quast_output"
0,"EC_A_9619_3S1_D_CuP_CeP","LLFM","Long_Read","Ligation","Filtering","Medaka","Diseased",4,4,4,4,4,3,5310922,5310922,5310922,5310922,5310922,5265390,4,4932218,5310922,50.55,4932218,4932218,1,1,0,"EC-A-9619-3S1-D-CuP-CeP_LLFM_quast_output"
0,"EC_B1_7578_1L2_D_CuP_CeP","LLFM","Long_Read","Ligation","Filtering","Medaka","Diseased",2,2,2,2,2,2,5021791,5021791,5021791,5021791,5021791,5021791,2,4907198,5021791,50.36,4907198,4907198,1,1,0,"EC-B1-7578-1L2-D-CuP-CeP_LLFM_quast_output"
0,"EC_A_4957_C3_H_CuP_CeP","LLFM","Long_Read","Ligation","Filtering","Medaka","Cecal",3,3,3,3,3,3,5296966,5296966,5296966,5296966,5296966,5296966,3,5061066,5296966,50.72,5061066,5061066,1,1,0,"EC-A-4957-C3-H-CuP-CeP_LLFM_quast_output"
0,"EC_B1_9226_C5_H_CuN_CeP","LLFM","Long_Read","Ligation","Filtering","Medaka","Cecal",6,6,6,6,4,3,5400734,5400734,5400734,5400734,5375042,5328650,6,5119632,5400734,50.79,5119632,5119632,1,1,0,"EC-B1-9226-C5-H-CuN-CeP_LLFM_quast_output"
0,"EC_E_2402_1H1_D_CuP_CeP","LLFM","Long_Read","Ligation","Filtering","Medaka","Diseased",21,21,15,9,7,5,5542274,5542274,5523812,5479315,5441152,5369843,21,3431011,5542274,50.56,3431011,1632417,1,2,0,"EC-E-2402-1H1-D-CuP-CeP_LLFM_quast_output"
0,"EC_C_23315_C5_H_CuP_CeP","LLFM","Long_Read","Ligation","Filtering","Medaka","Cecal",8,8,8,7,7,6,5149651,5149651,5149651,5142985,5142985,5107906,8,2480520,5149651,50.76,1699838,1699838,2,2,0,"EC-C-23315-C5-H-CuP-CeP_LLFM_quast_output"
0,"EC_C_6245_1H1_D_CuP_CeP","LLFM","Long_Read","Ligation","Filtering","Medaka","Diseased",3,3,3,3,3,3,5001270,5001270,5001270,5001270,5001270,5001270,3,4783855,5001270,50.71,4783855,4783855,1,1,0,"EC-C-6245-1H1-D-CuP-CeP_LLFM_quast_output"
0,"EC_D_9226_2S1_D_CuP_CeP","LLFM","Long_Read","Ligation","Filtering","Medaka","Diseased",81,79,59,35,23,16,6185162,6183710,6124656,5951865,5762067,5555999,81,1979209,6185162,50.48,1840710,168401,2,6,0,"EC-D-9226-2S1-D-CuP-CeP_LLFM_quast_output"
0,"EC_B1_9413_C4_H_CuP_CeP","LLFM","Long_Read","Ligation","Filtering","Medaka","Cecal",2,2,2,2,2,2,5110584,5110584,5110584,5110584,5110584,5110584,2,5020371,5110584,50.71,5020371,5020371,1,1,0,"EC-B1-9413-C4-H-CuP-CeP_LLFM_quast_output"
0,"EC_A_4957_3S1_D_CuP_CeN","LLFM","Long_Read","Ligation","Filtering","Medaka","Diseased",3,3,3,2,2,2,5044750,5044750,5044750,5038087,5038087,5038087,3,4918066,5044750,50.49,4918066,4918066,1,1,0,"EC-A-4957-3S1-D-CuP-CeN_LLFM_quast_output"
0,"EC_E_6245_2L1_D_CuP_CeP","LLFM","Long_Read","Ligation","Filtering","Medaka","Diseased",3,3,3,3,3,3,5000883,5000883,5000883,5000883,5000883,5000883,3,4783829,5000883,50.71,4783829,4783829,1,1,0,"EC-E-6245-2L1-D-CuP-CeP_LLFM_quast_output"
0,"EC_B2_0012_2L1_D_CuN_CeP","LLFM","Long_Read","Ligation","Filtering","Medaka","Diseased",2,2,2,2,2,2,5051125,5051125,5051125,5051125,5051125,5051125,2,4904740,5051125,50.7,4904740,4904740,1,1,0,"EC-B2-0012-2L1-D-CuN-CeP_LLFM_quast_output"
0,"EC_E_3862_S2_D_CuP_CeP","LLFM","Long_Read","Ligation","Filtering","Medaka","Diseased",16,16,15,14,6,1,393900,393900,389543,382697,251907,83429,16,83429,393900,50.52,31904,24476,4,8,0,"EC-E-3862-S2-D-CuP-CeP_LLFM_quast_output"
0,"EC_A_4957_3S1_D_CuP_CeN","LLFMP","Long_Read","Ligation","Filtering","Medaka_Pilon","Diseased",3,3,3,2,2,2,4981249,4981249,4981249,4974599,4974599,4974599,3,4854719,4981249,50.62,4854719,4854719,1,1,0,"EC-A-4957-3S1-D-CuP-CeN_LLFMP_quast_output"
0,"EC_G_9619_2L1_D_CuP_CeP","LLFMP","Long_Read","Ligation","Filtering","Medaka_Pilon","Diseased",3,3,2,2,2,2,5411613,5411613,5408031,5408031,5408031,5408031,3,5211945,5411613,50.77,5211945,5211945,1,1,0,"EC-G-9619-2L1-D-CuP-CeP_LLFMP_quast_output"
0,"EC_E_6245_2L1_D_CuP_CeP","LLFMP","Long_Read","Ligation","Filtering","Medaka_Pilon","Diseased",3,3,3,3,3,3,4999213,4999213,4999213,4999213,4999213,4999213,3,4782170,4999213,50.64,4782170,4782170,1,1,0,"EC-E-6245-2L1-D-CuP-CeP_LLFMP_quast_output"
0,"EC_A_6245_C4_H_CuP_CeP","LLFMP","Long_Read","Ligation","Filtering","Medaka_Pilon","Cecal",3,3,3,3,3,3,5044363,5044363,5044363,5044363,5044363,5044363,3,4745206,5044363,50.65,4745206,4745206,1,1,0,"EC-A-6245-C4-H-CuP-CeP_LLFMP_quast_output"
0,"EC_E_3862_S2_D_CuP_CeP","LLFMP","Long_Read","Ligation","Filtering","Medaka_Pilon","Diseased",16,16,15,14,5,1,388907,388907,384548,377889,223435,82248,16,82248,388907,50.6,31025,24362,4,8,0,"EC-E-3862-S2-D-CuP-CeP_LLFMP_quast_output"
0,"EC_C_6245_1H1_D_CuP_CeP","LLFMP","Long_Read","Ligation","Filtering","Medaka_Pilon","Diseased",3,3,3,3,3,3,4999880,4999880,4999880,4999880,4999880,4999880,3,4782519,4999880,50.64,4782519,4782519,1,1,0,"EC-C-6245-1H1-D-CuP-CeP_LLFMP_quast_output"
0,"EC_B1_9413_C4_H_CuP_CeP","LLFMP","Long_Read","Ligation","Filtering","Medaka_Pilon","Cecal",2,2,2,2,2,2,5111841,5111841,5111841,5111841,5111841,5111841,2,5021594,5111841,50.71,5021594,5021594,1,1,0,"EC-B1-9413-C4-H-CuP-CeP_LLFMP_quast_output"
0,"EC_B1_7578_1L2_D_CuP_CeP","LLFMP","Long_Read","Ligation","Filtering","Medaka_Pilon","Diseased",2,2,2,2,2,2,5022409,5022409,5022409,5022409,5022409,5022409,2,4907753,5022409,50.37,4907753,4907753,1,1,0,"EC-B1-7578-1L2-D-CuP-CeP_LLFMP_quast_output"
0,"EC_A_0205_C9_H_CuP_CeP","LLFMP","Long_Read","Ligation","Filtering","Medaka_Pilon","Cecal",12,12,8,5,3,3,5309824,5309824,5300602,5283313,5249827,5249827,12,5083369,5309824,50.42,5083369,5083369,1,1,0,"EC-A-0205-C9-H-CuP-CeP_LLFMP_quast_output"
0,"EC_D_9226_2S1_D_CuP_CeP","LLFMP","Long_Read","Ligation","Filtering","Medaka_Pilon","Diseased",81,79,59,35,23,16,6168971,6167515,6108637,5935927,5746181,5540159,81,1964712,6168971,50.37,1839913,168356,2,6,0,"EC-D-9226-2S1-D-CuP-CeP_LLFMP_quast_output"
0,"EC_G_0205_3S1_D_CuP_CeP","LLFMP","Long_Read","Ligation","Filtering","Medaka_Pilon","Diseased",19,19,14,10,8,5,5522222,5522222,5506080,5478634,5445949,5324965,19,3011467,5522222,50.46,3011467,1968087,1,2,0,"EC-G-0205-3S1-D-CuP-CeP_LLFMP_quast_output"
0,"EC_A_4957_C3_H_CuP_CeP","LLFMP","Long_Read","Ligation","Filtering","Medaka_Pilon","Cecal",3,3,3,3,3,3,5294863,5294863,5294863,5294863,5294863,5294863,3,5059002,5294863,50.78,5059002,5059002,1,1,0,"EC-A-4957-C3-H-CuP-CeP_LLFMP_quast_output"
0,"EC_E_2402_1H1_D_CuP_CeP","LLFMP","Long_Read","Ligation","Filtering","Medaka_Pilon","Diseased",21,21,15,9,7,5,5325947,5325947,5307503,5263311,5225189,5153971,21,3284477,5325947,50.55,3284477,1569602,1,2,0,"EC-E-2402-1H1-D-CuP-CeP_LLFMP_quast_output"
0,"EC_B1_9226_C5_H_CuN_CeP","LLFMP","Long_Read","Ligation","Filtering","Medaka_Pilon","Cecal",6,6,6,6,4,3,5403364,5403364,5403364,5403364,5377667,5331244,6,5122107,5403364,50.68,5122107,5122107,1,1,0,"EC-B1-9226-C5-H-CuN-CeP_LLFMP_quast_output"
0,"EC_A_9619_3S1_D_CuP_CeP","LLFMP","Long_Read","Ligation","Filtering","Medaka_Pilon","Diseased",4,4,4,4,4,3,5310937,5310937,5310937,5310937,5310937,5265398,4,4932215,5310937,50.44,4932215,4932215,1,1,0,"EC-A-9619-3S1-D-CuP-CeP_LLFMP_quast_output"
0,"EC_B2_0012_2L1_D_CuN_CeP","LLFMP","Long_Read","Ligation","Filtering","Medaka_Pilon","Diseased",2,2,2,2,2,2,5050169,5050169,5050169,5050169,5050169,5050169,2,4903799,5050169,50.58,4903799,4903799,1,1,0,"EC-B2-0012-2L1-D-CuN-CeP_LLFMP_quast_output"
0,"EC_C_23315_C5_H_CuP_CeP","LLFMP","Long_Read","Ligation","Filtering","Medaka_Pilon","Cecal",8,8,8,7,7,6,5150108,5150108,5150108,5143461,5143461,5108406,8,2480819,5150108,50.69,1699892,1699892,2,2,0,"EC-C-23315-C5-H-CuP-CeP_LLFMP_quast_output"
0,"EC_A_0012_C5_H_CuP_CeN","LLFMP","Long_Read","Ligation","Filtering","Medaka_Pilon","Cecal",3,3,3,2,2,2,5159169,5159169,5159169,5153600,5153600,5153600,3,5059934,5159169,50.53,5059934,5059934,1,1,0,"EC-A-0012-C5-H-CuP-CeN_LLFMP_quast_output"
0,"EC_D_9226_3H1_D_CuP_CeP","LLFMP","Long_Read","Ligation","Filtering","Medaka_Pilon","Diseased",15,15,14,11,8,4,5525545,5525545,5523773,5498328,5460719,5307263,15,4957336,5525545,50.65,4957336,4957336,1,1,0,"EC-D-9226-3H1-D-CuP-CeP_LLFMP_quast_output"
0,"EC_C_6245_1H1_D_CuP_CeP","LLUF","Long_Read","Ligation","Unfiltered","UNolished","Diseased",3,3,3,3,3,3,4990041,4990041,4990041,4990041,4990041,4990041,3,4773286,4990041,50.75,4773286,4773286,1,1,0,"EC-C-6245-1H1-D-CuP-CeP_LLUF_quast_output"
0,"EC_A_6245_C4_H_CuP_CeP","LLUF","Long_Read","Ligation","Unfiltered","UNolished","Cecal",3,3,3,3,3,3,5034835,5034835,5034835,5034835,5034835,5034835,3,4736423,5034835,50.81,4736423,4736423,1,1,0,"EC-A-6245-C4-H-CuP-CeP_LLUF_quast_output"
0,"EC_D_9226_3H1_D_CuP_CeP","LLUF","Long_Read","Ligation","Unfiltered","UNolished","Diseased",18,18,16,14,9,3,5526852,5526852,5518363,5502932,5422002,5194040,18,4946688,5526852,50.76,4946688,4946688,1,1,0,"EC-D-9226-3H1-D-CuP-CeP_LLUF_quast_output"
0,"EC_A_4957_C3_H_CuP_CeP","LLUF","Long_Read","Ligation","Unfiltered","UNolished","Cecal",3,3,3,3,3,3,5289880,5289880,5289880,5289880,5289880,5289880,3,5054357,5289880,50.75,5054357,5054357,1,1,0,"EC-A-4957-C3-H-CuP-CeP_LLUF_quast_output"
0,"EC_G_9619_2L1_D_CuP_CeP","LLUF","Long_Read","Ligation","Unfiltered","UNolished","Diseased",2,2,2,2,2,2,5401955,5401955,5401955,5401955,5401955,5401955,2,5206267,5401955,50.85,5206267,5206267,1,1,0,"EC-G-9619-2L1-D-CuP-CeP_LLUF_quast_output"
0,"EC_B1_7578_1L2_D_CuP_CeP","LLUF","Long_Read","Ligation","Unfiltered","UNolished","Diseased",2,2,2,2,2,2,5008335,5008335,5008335,5008335,5008335,5008335,2,4894084,5008335,50.4,4894084,4894084,1,1,0,"EC-B1-7578-1L2-D-CuP-CeP_LLUF_quast_output"
0,"EC_A_0012_C5_H_CuP_CeN","LLUF","Long_Read","Ligation","Unfiltered","UNolished","Cecal",3,3,3,2,2,2,5148724,5148724,5148724,5143184,5143184,5143184,3,5049781,5148724,50.58,5049781,5049781,1,1,0,"EC-A-0012-C5-H-CuP-CeN_LLUF_quast_output"
0,"EC_E_6245_2L1_D_CuP_CeP","LLUF","Long_Read","Ligation","Unfiltered","UNolished","Diseased",3,3,3,3,3,3,4989923,4989923,4989923,4989923,4989923,4989923,3,4773205,4989923,50.75,4773205,4773205,1,1,0,"EC-E-6245-2L1-D-CuP-CeP_LLUF_quast_output"
0,"EC_B2_0012_2L1_D_CuN_CeP","LLUF","Long_Read","Ligation","Unfiltered","UNolished","Diseased",3,3,2,2,2,2,5042893,5042893,5040600,5040600,5040600,5040600,3,4894601,5042893,50.73,4894601,4894601,1,1,0,"EC-B2-0012-2L1-D-CuN-CeP_LLUF_quast_output"
0,"EC_A_9619_3S1_D_CuP_CeP","LLUF","Long_Read","Ligation","Unfiltered","UNolished","Diseased",4,4,4,4,4,3,5301075,5301075,5301075,5301075,5301075,5255690,4,4923344,5301075,50.59,4923344,4923344,1,1,0,"EC-A-9619-3S1-D-CuP-CeP_LLUF_quast_output"
0,"EC_G_0205_3S1_D_CuP_CeP","LLUF","Long_Read","Ligation","Unfiltered","UNolished","Diseased",21,21,13,10,7,5,5492475,5492475,5466841,5445330,5397709,5330317,21,3219884,5492475,50.67,3219884,1183425,1,2,0,"EC-G-0205-3S1-D-CuP-CeP_LLUF_quast_output"
0,"EC_E_2402_1H1_D_CuP_CeP","LLUF","Long_Read","Ligation","Unfiltered","UNolished","Diseased",21,21,13,10,7,5,5492425,5492425,5466795,5445304,5397683,5330320,21,3219885,5492425,50.67,3219885,1183427,1,2,0,"EC-E-2402-1H1-D-CuP-CeP_LLUF_quast_output"
0,"EC_D_9226_2S1_D_CuP_CeP","LLUF","Long_Read","Ligation","Unfiltered","UNolished","Diseased",117,114,79,52,40,27,6569702,6567293,6457970,6262147,6054421,5623205,117,940557,6569702,50.36,274146,84731,7,17,0,"EC-D-9226-2S1-D-CuP-CeP_LLUF_quast_output"
0,"EC_A_4957_3S1_D_CuP_CeN","LLUF","Long_Read","Ligation","Unfiltered","UNolished","Diseased",4,4,4,4,4,4,5693217,5693217,5693217,5693217,5693217,5693217,4,5131408,5693217,50.51,5131408,5131408,1,1,0,"EC-A-4957-3S1-D-CuP-CeN_LLUF_quast_output"
0,"EC_B1_9226_C5_H_CuN_CeP","LLUF","Long_Read","Ligation","Unfiltered","UNolished","Cecal",6,6,6,6,4,3,5395039,5395039,5395039,5395039,5362578,5316307,6,5108004,5395039,50.82,5108004,5108004,1,1,0,"EC-B1-9226-C5-H-CuN-CeP_LLUF_quast_output"
0,"EC_B1_9413_C4_H_CuP_CeP","LLUF","Long_Read","Ligation","Unfiltered","UNolished","Cecal",2,2,2,2,2,2,5097515,5097515,5097515,5097515,5097515,5097515,2,5007677,5097515,50.75,5007677,5007677,1,1,0,"EC-B1-9413-C4-H-CuP-CeP_LLUF_quast_output"
0,"EC_E_3862_S2_D_CuP_CeP","LLUF","Long_Read","Ligation","Unfiltered","UNolished","Diseased",13,13,12,12,6,1,385904,385904,381555,381555,272030,83549,13,83549,385904,51.46,31251,24777,4,7,0,"EC-E-3862-S2-D-CuP-CeP_LLUF_quast_output"
0,"EC_A_0205_C9_H_CuP_CeP","LLUF","Long_Read","Ligation","Unfiltered","UNolished","Cecal",18,18,12,7,4,4,5348951,5348951,5331045,5299825,5255650,5255650,18,4839254,5348951,50.48,4839254,4839254,1,1,0,"EC-A-0205-C9-H-CuP-CeP_LLUF_quast_output"
0,"EC_C_23315_C5_H_CuP_CeP","LLUF","Long_Read","Ligation","Unfiltered","UNolished","Cecal",5,5,5,4,4,3,5146208,5146208,5146208,5139556,5139556,5104539,5,4809988,5146208,50.78,4809988,4809988,1,1,0,"EC-C-23315-C5-H-CuP-CeP_LLUF_quast_output"
0,"EC_G_0205_3S1_D_CuP_CeP","LLUFM","Long_Read","Ligation","Unfiltered","Medaka","Diseased",21,21,13,10,7,5,5492475,5492475,5466841,5445330,5397709,5330317,21,3219884,5492475,50.67,3219884,1183425,1,2,0,"EC-G-0205-3S1-D-CuP-CeP_LLUFM_quast_output"
0,"EC_G_9619_2L1_D_CuP_CeP","LLUFM","Long_Read","Ligation","Unfiltered","Medaka","Diseased",2,2,2,2,2,2,5411885,5411885,5411885,5411885,5411885,5411885,2,5215736,5411885,50.81,5215736,5215736,1,1,0,"EC-G-9619-2L1-D-CuP-CeP_LLUFM_quast_output"
0,"EC_A_4957_C3_H_CuP_CeP","LLUFM","Long_Read","Ligation","Unfiltered","Medaka","Cecal",3,3,3,3,3,3,5296914,5296914,5296914,5296914,5296914,5296914,3,5061019,5296914,50.72,5061019,5061019,1,1,0,"EC-A-4957-C3-H-CuP-CeP_LLUFM_quast_output"
0,"EC_E_3862_S2_D_CuP_CeP","LLUFM","Long_Read","Ligation","Unfiltered","Medaka","Diseased",13,13,12,12,7,1,388362,388362,384009,384009,299187,83297,13,83297,388362,50.77,31955,25179,4,7,0,"EC-E-3862-S2-D-CuP-CeP_LLUFM_quast_output"
0,"EC_C_23315_C5_H_CuP_CeP","LLUFM","Long_Read","Ligation","Unfiltered","Medaka","Cecal",5,5,5,4,4,3,5151493,5151493,5151493,5144832,5144832,5109748,5,4814819,5151493,50.76,4814819,4814819,1,1,0,"EC-C-23315-C5-H-CuP-CeP_LLUFM_quast_output"
0,"EC_A_9619_3S1_D_CuP_CeP","LLUFM","Long_Read","Ligation","Unfiltered","Medaka","Diseased",4,4,4,4,4,3,5310976,5310976,5310976,5310976,5310976,5265449,4,4932265,5310976,50.55,4932265,4932265,1,1,0,"EC-A-9619-3S1-D-CuP-CeP_LLUFM_quast_output"
0,"EC_E_2402_1H1_D_CuP_CeP","LLUFM","Long_Read","Ligation","Unfiltered","Medaka","Diseased",21,21,13,10,7,5,5488764,5488764,5463078,5441528,5393797,5326211,21,3211769,5488764,50.62,3211769,1185635,1,2,0,"EC-E-2402-1H1-D-CuP-CeP_LLUFM_quast_output"
0,"EC_B1_7578_1L2_D_CuP_CeP","LLUFM","Long_Read","Ligation","Unfiltered","Medaka","Diseased",2,2,2,2,2,2,5021786,5021786,5021786,5021786,5021786,5021786,2,4907179,5021786,50.36,4907179,4907179,1,1,0,"EC-B1-7578-1L2-D-CuP-CeP_LLUFM_quast_output"
0,"EC_A_4957_3S1_D_CuP_CeN","LLUFM","Long_Read","Ligation","Unfiltered","Medaka","Diseased",4,4,4,4,4,4,5702687,5702687,5702687,5702687,5702687,5702687,4,5139582,5702687,50.47,5139582,5139582,1,1,0,"EC-A-4957-3S1-D-CuP-CeN_LLUFM_quast_output"
0,"EC_D_9226_2S1_D_CuP_CeP","LLUFM","Long_Read","Ligation","Unfiltered","Medaka","Diseased",117,114,79,52,40,27,6569702,6567293,6457970,6262147,6054421,5623205,117,940557,6569702,50.36,274146,84731,7,17,0,"EC-D-9226-2S1-D-CuP-CeP_LLUFM_quast_output"
0,"EC_D_9226_3H1_D_CuP_CeP","LLUFM","Long_Read","Ligation","Unfiltered","Medaka","Diseased",18,18,16,14,9,3,5536494,5536494,5527984,5512526,5431372,5202971,18,4955033,5536494,50.71,4955033,4955033,1,1,0,"EC-D-9226-3H1-D-CuP-CeP_LLUFM_quast_output"
0,"EC_C_6245_1H1_D_CuP_CeP","LLUFM","Long_Read","Ligation","Unfiltered","Medaka","Diseased",3,3,3,3,3,3,5001025,5001025,5001025,5001025,5001025,5001025,3,4783731,5001025,50.71,4783731,4783731,1,1,0,"EC-C-6245-1H1-D-CuP-CeP_LLUFM_quast_output"
0,"EC_A_0205_C9_H_CuP_CeP","LLUFM","Long_Read","Ligation","Unfiltered","Medaka","Cecal",18,18,12,7,4,4,5342438,5342438,5324490,5293147,5248839,5248839,18,4836028,5342438,50.43,4836028,4836028,1,1,0,"EC-A-0205-C9-H-CuP-CeP_LLUFM_quast_output"
0,"EC_B2_0012_2L1_D_CuN_CeP","LLUFM","Long_Read","Ligation","Unfiltered","Medaka","Diseased",3,3,2,2,2,2,5053379,5053379,5051077,5051077,5051077,5051077,3,4904693,5053379,50.69,4904693,4904693,1,1,0,"EC-B2-0012-2L1-D-CuN-CeP_LLUFM_quast_output"
0,"EC_A_0012_C5_H_CuP_CeN","LLUFM","Long_Read","Ligation","Unfiltered","Medaka","Cecal",3,3,3,2,2,2,5159368,5159368,5159368,5153806,5153806,5153806,3,5060196,5159368,50.55,5060196,5060196,1,1,0,"EC-A-0012-C5-H-CuP-CeN_LLUFM_quast_output"
0,"EC_B1_9413_C4_H_CuP_CeP","LLUFM","Long_Read","Ligation","Unfiltered","Medaka","Cecal",2,2,2,2,2,2,5110575,5110575,5110575,5110575,5110575,5110575,2,5020364,5110575,50.71,5020364,5020364,1,1,0,"EC-B1-9413-C4-H-CuP-CeP_LLUFM_quast_output"
0,"EC_A_6245_C4_H_CuP_CeP","LLUFM","Long_Read","Ligation","Unfiltered","Medaka","Cecal",3,3,3,3,3,3,5045292,5045292,5045292,5045292,5045292,5045292,3,4746116,5045292,50.77,4746116,4746116,1,1,0,"EC-A-6245-C4-H-CuP-CeP_LLUFM_quast_output"
0,"EC_E_6245_2L1_D_CuP_CeP","LLUFM","Long_Read","Ligation","Unfiltered","Medaka","Diseased",3,3,3,3,3,3,5001066,5001066,5001066,5001066,5001066,5001066,3,4783847,5001066,50.71,4783847,4783847,1,1,0,"EC-E-6245-2L1-D-CuP-CeP_LLUFM_quast_output"
0,"EC_B1_9226_C5_H_CuN_CeP","LLUFM","Long_Read","Ligation","Unfiltered","Medaka","Cecal",6,6,6,6,4,3,5407382,5407382,5407382,5407382,5374823,5328433,6,5119409,5407382,50.79,5119409,5119409,1,1,0,"EC-B1-9226-C5-H-CuN-CeP_LLUFM_quast_output"
0,"EC_D_9226_3H1_D_CuP_CeP","LLUFMP","Long_Read","Ligation","Unfiltered","Medaka_Pilon","Diseased",18,18,16,14,9,3,5535441,5535441,5526911,5511453,5430314,5201897,18,4953951,5535441,50.6,4953951,4953951,1,1,0,"EC-D-9226-3H1-D-CuP-CeP_LLUFMP_quast_output"
0,"EC_A_4957_C3_H_CuP_CeP","LLUFMP","Long_Read","Ligation","Unfiltered","Medaka_Pilon","Cecal",3,3,3,3,3,3,5294846,5294846,5294846,5294846,5294846,5294846,3,5058990,5294846,50.78,5058990,5058990,1,1,0,"EC-A-4957-C3-H-CuP-CeP_LLUFMP_quast_output"
0,"EC_C_6245_1H1_D_CuP_CeP","LLUFMP","Long_Read","Ligation","Unfiltered","Medaka_Pilon","Diseased",3,3,3,3,3,3,4999793,4999793,4999793,4999793,4999793,4999793,3,4782504,4999793,50.64,4782504,4782504,1,1,0,"EC-C-6245-1H1-D-CuP-CeP_LLUFMP_quast_output"
0,"EC_B1_9413_C4_H_CuP_CeP","LLUFMP","Long_Read","Ligation","Unfiltered","Medaka_Pilon","Cecal",2,2,2,2,2,2,5111840,5111840,5111840,5111840,5111840,5111840,2,5021593,5111840,50.71,5021593,5021593,1,1,0,"EC-B1-9413-C4-H-CuP-CeP_LLUFMP_quast_output"
0,"EC_G_9619_2L1_D_CuP_CeP","LLUFMP","Long_Read","Ligation","Unfiltered","Medaka_Pilon","Diseased",2,2,2,2,2,2,5409802,5409802,5409802,5409802,5409802,5409802,2,5213722,5409802,50.77,5213722,5213722,1,1,0,"EC-G-9619-2L1-D-CuP-CeP_LLUFMP_quast_output"
0,"EC_A_4957_3S1_D_CuP_CeN","LLUFMP","Long_Read","Ligation","Unfiltered","Medaka_Pilon","Diseased",4,4,4,4,4,4,5700418,5700418,5700418,5700418,5700418,5700418,4,5137399,5700418,50.53,5137399,5137399,1,1,0,"EC-A-4957-3S1-D-CuP-CeN_LLUFMP_quast_output"
0,"EC_E_6245_2L1_D_CuP_CeP","LLUFMP","Long_Read","Ligation","Unfiltered","Medaka_Pilon","Diseased",3,3,3,3,3,3,4999358,4999358,4999358,4999358,4999358,4999358,3,4782518,4999358,50.64,4782518,4782518,1,1,0,"EC-E-6245-2L1-D-CuP-CeP_LLUFMP_quast_output"
0,"EC_B1_9226_C5_H_CuN_CeP","LLUFMP","Long_Read","Ligation","Unfiltered","Medaka_Pilon","Cecal",6,6,6,6,4,3,5410228,5410228,5410228,5410228,5377660,5331237,6,5122084,5410228,50.67,5122084,5122084,1,1,0,"EC-B1-9226-C5-H-CuN-CeP_LLUFMP_quast_output"
0,"EC_G_0205_3S1_D_CuP_CeP","LLUFMP","Long_Read","Ligation","Unfiltered","Medaka_Pilon","Diseased",21,21,13,10,7,5,5501566,5501566,5475916,5454408,5406775,5339307,21,3225197,5501566,50.5,3225197,1185472,1,2,0,"EC-G-0205-3S1-D-CuP-CeP_LLUFMP_quast_output"
0,"EC_A_0012_C5_H_CuP_CeN","LLUFMP","Long_Read","Ligation","Unfiltered","Medaka_Pilon","Cecal",3,3,3,2,2,2,5159610,5159610,5159610,5154041,5154041,5154041,3,5060363,5159610,50.53,5060363,5060363,1,1,0,"EC-A-0012-C5-H-CuP-CeN_LLUFMP_quast_output"
0,"EC_A_0205_C9_H_CuP_CeP","LLUFMP","Long_Read","Ligation","Unfiltered","Medaka_Pilon","Cecal",18,18,12,7,4,4,5342607,5342607,5324661,5293314,5249020,5249020,18,4836151,5342607,50.39,4836151,4836151,1,1,0,"EC-A-0205-C9-H-CuP-CeP_LLUFMP_quast_output"
0,"EC_E_3862_S2_D_CuP_CeP","LLUFMP","Long_Read","Ligation","Unfiltered","Medaka_Pilon","Diseased",13,13,12,12,6,1,382971,382971,378616,378616,269526,82236,13,82236,382971,50.9,31407,24975,4,7,0,"EC-E-3862-S2-D-CuP-CeP_LLUFMP_quast_output"
0,"EC_C_23315_C5_H_CuP_CeP","LLUFMP","Long_Read","Ligation","Unfiltered","Medaka_Pilon","Cecal",5,5,5,4,4,3,5152572,5152572,5152572,5145925,5145925,5110853,5,4815835,5152572,50.69,4815835,4815835,1,1,0,"EC-C-23315-C5-H-CuP-CeP_LLUFMP_quast_output"
0,"EC_B2_0012_2L1_D_CuN_CeP","LLUFMP","Long_Read","Ligation","Unfiltered","Medaka_Pilon","Diseased",3,3,2,2,2,2,5052479,5052479,5050179,5050179,5050179,5050179,3,4903809,5052479,50.57,4903809,4903809,1,1,0,"EC-B2-0012-2L1-D-CuN-CeP_LLUFMP_quast_output"
0,"EC_B1_7578_1L2_D_CuP_CeP","LLUFMP","Long_Read","Ligation","Unfiltered","Medaka_Pilon","Diseased",2,2,2,2,2,2,5022413,5022413,5022413,5022413,5022413,5022413,2,4907746,5022413,50.37,4907746,4907746,1,1,0,"EC-B1-7578-1L2-D-CuP-CeP_LLUFMP_quast_output"
0,"EC_A_6245_C4_H_CuP_CeP","LLUFMP","Long_Read","Ligation","Unfiltered","Medaka_Pilon","Cecal",3,3,3,3,3,3,5045259,5045259,5045259,5045259,5045259,5045259,3,4746104,5045259,50.65,4746104,4746104,1,1,0,"EC-A-6245-C4-H-CuP-CeP_LLUFMP_quast_output"
0,"EC_D_9226_2S1_D_CuP_CeP","LLUFMP","Long_Read","Ligation","Unfiltered","Medaka_Pilon","Diseased",117,114,79,52,40,27,6562321,6559907,6450526,6254594,6046768,5615398,117,941687,6562321,50.21,274448,84741,7,17,0,"EC-D-9226-2S1-D-CuP-CeP_LLUFMP_quast_output"
0,"EC_E_2402_1H1_D_CuP_CeP","LLUFMP","Long_Read","Ligation","Unfiltered","Medaka_Pilon","Diseased",21,21,13,10,7,5,5275562,5275562,5249893,5228382,5180688,5113151,21,3086536,5275562,50.62,3086536,1159988,1,2,0,"EC-E-2402-1H1-D-CuP-CeP_LLUFMP_quast_output"
0,"EC_A_9619_3S1_D_CuP_CeP","LLUFMP","Long_Read","Ligation","Unfiltered","Medaka_Pilon","Diseased",4,4,4,4,4,3,5310946,5310946,5310946,5310946,5310946,5265410,4,4932225,5310946,50.44,4932225,4932225,1,1,0,"EC-A-9619-3S1-D-CuP-CeP_LLUFMP_quast_output"
0,"EC_C_6245_1H1_D_CuP_CeP","LRF","Long_Read","Rapid","Filtered","UNolished","Diseased",3,3,3,3,3,3,4998080,4998080,4998080,4998080,4998080,4998080,3,4780890,4998080,50.58,4780890,4780890,1,1,0,"EC-C-6245-1H1-D-CuP-CeP_LRF_quast_output"
0,"EC_E_6245_2L1_D_CuP_CeP","LRF","Long_Read","Rapid","Filtered","UNolished","Diseased",3,3,3,3,3,3,4988336,4988336,4988336,4988336,4988336,4988336,3,4771985,4988336,50.59,4771985,4771985,1,1,0,"EC-E-6245-2L1-D-CuP-CeP_LRF_quast_output"
0,"EC_A_0205_C9_H_CuP_CeP","LRF","Long_Read","Rapid","Filtered","UNolished","Cecal",3,3,3,3,3,3,5226263,5226263,5226263,5226263,5226263,5226263,3,5059962,5226263,50.36,5059962,5059962,1,1,0,"EC-A-0205-C9-H-CuP-CeP_LRF_quast_output"
0,"EC_A_4957_C3_H_CuP_CeP","LRF","Long_Read","Rapid","Filtered","UNolished","Cecal",3,3,3,3,3,3,5283525,5283525,5283525,5283525,5283525,5283525,3,5048272,5283525,50.73,5048272,5048272,1,1,0,"EC-A-4957-C3-H-CuP-CeP_LRF_quast_output"
0,"EC_A_6245_C4_H_CuP_CeP","LRF","Long_Read","Rapid","Filtered","UNolished","Cecal",3,3,3,3,3,3,5033679,5033679,5033679,5033679,5033679,5033679,3,4735312,5033679,50.67,4735312,4735312,1,1,0,"EC-A-6245-C4-H-CuP-CeP_LRF_quast_output"
0,"EC_A_4957_3S1_D_CuP_CeN","LRF","Long_Read","Rapid","Filtered","UNolished","Diseased",4,4,4,4,4,4,5691349,5691349,5691349,5691349,5691349,5691349,4,5130123,5691349,50.48,5130123,5130123,1,1,0,"EC-A-4957-3S1-D-CuP-CeN_LRF_quast_output"
0,"EC_D_9226_3H1_D_CuP_CeP","LRF","Long_Read","Rapid","Filtered","UNolished","Diseased",3,3,3,3,3,3,5189488,5189488,5189488,5189488,5189488,5189488,3,4943830,5189488,50.67,4943830,4943830,1,1,0,"EC-D-9226-3H1-D-CuP-CeP_LRF_quast_output"
0,"EC_A_9619_3S1_D_CuP_CeP","LRF","Long_Read","Rapid","Filtered","UNolished","Diseased",4,4,4,4,4,3,5302638,5302638,5302638,5302638,5302638,5257270,4,4924989,5302638,50.44,4924989,4924989,1,1,0,"EC-A-9619-3S1-D-CuP-CeP_LRF_quast_output"
0,"EC_B1_7578_1L2_D_CuP_CeP","LRF","Long_Read","Rapid","Filtered","UNolished","Diseased",2,2,2,2,2,2,5019860,5019860,5019860,5019860,5019860,5019860,2,4905291,5019860,50.38,4905291,4905291,1,1,0,"EC-B1-7578-1L2-D-CuP-CeP_LRF_quast_output"
0,"EC_G_9619_2L1_D_CuP_CeP","LRF","Long_Read","Rapid","Filtered","UNolished","Diseased",3,3,2,2,2,2,5402926,5402926,5399171,5399171,5399171,5399171,3,5203608,5402926,50.72,5203608,5203608,1,1,0,"EC-G-9619-2L1-D-CuP-CeP_LRF_quast_output"
0,"EC_E_3862_S2_D_CuP_CeP","LRF","Long_Read","Rapid","Filtered","UNolished","Diseased",3,3,3,3,3,3,5247185,5247185,5247185,5247185,5247185,5247185,3,5052619,5247185,50.71,5052619,5052619,1,1,0,"EC-E-3862-S2-D-CuP-CeP_LRF_quast_output"
0,"EC_D_9226_2S1_D_CuP_CeP","LRF","Long_Read","Rapid","Filtered","UNolished","Diseased",5,5,5,5,5,5,5371636,5371636,5371636,5371636,5371636,5371636,5,4944063,5371636,50.66,4944063,4944063,1,1,0,"EC-D-9226-2S1-D-CuP-CeP_LRF_quast_output"
0,"EC_G_0205_3S1_D_CuP_CeP","LRF","Long_Read","Rapid","Filtered","UNolished","Diseased",4,4,4,4,4,4,5374148,5374148,5374148,5374148,5374148,5374148,4,5054830,5374148,50.52,5054830,5054830,1,1,0,"EC-G-0205-3S1-D-CuP-CeP_LRF_quast_output"
0,"EC_E_2402_1H1_D_CuP_CeP","LRF","Long_Read","Rapid","Filtered","UNolished","Diseased",3,3,3,3,3,3,5241646,5241646,5241646,5241646,5241646,5241646,3,5047371,5241646,50.71,5047371,5047371,1,1,0,"EC-E-2402-1H1-D-CuP-CeP_LRF_quast_output"
0,"EC_B1_9226_C5_H_CuN_CeP","LRF","Long_Read","Rapid","Filtered","UNolished","Cecal",8,8,6,6,4,3,5409832,5409832,5405106,5405106,5374278,5327915,8,5118998,5409832,50.68,5118998,5118998,1,1,0,"EC-B1-9226-C5-H-CuN-CeP_LRF_quast_output"
0,"EC_A_0012_C5_H_CuP_CeN","LRF","Long_Read","Rapid","Filtered","UNolished","Cecal",2,2,2,2,2,2,5140051,5140051,5140051,5140051,5140051,5140051,2,5046910,5140051,50.43,5046910,5046910,1,1,0,"EC-A-0012-C5-H-CuP-CeN_LRF_quast_output"
0,"EC_B2_0012_2L1_D_CuN_CeP","LRF","Long_Read","Rapid","Filtered","UNolished","Diseased",2,2,2,2,2,2,5047279,5047279,5047279,5047279,5047279,5047279,2,4892821,5047279,50.6,4892821,4892821,1,1,0,"EC-B2-0012-2L1-D-CuN-CeP_LRF_quast_output"
0,"EC_C_23315_C5_H_CuP_CeP","LRF","Long_Read","Rapid","Filtered","UNolished","Cecal",6,6,6,6,4,3,5152888,5152888,5152888,5152888,5128804,5089002,6,4794795,5152888,50.67,4794795,4794795,1,1,0,"EC-C-23315-C5-H-CuP-CeP_LRF_quast_output"
0,"EC_B1_9413_C4_H_CuP_CeP","LRF","Long_Read","Rapid","Filtered","UNolished","Cecal",2,2,2,2,2,2,5108747,5108747,5108747,5108747,5108747,5108747,2,5018511,5108747,50.72,5018511,5018511,1,1,0,"EC-B1-9413-C4-H-CuP-CeP_LRF_quast_output"
0,"EC_D_9226_3H1_D_CuP_CeP","LRFM","Long_Read","Rapid","Filtered","Medaka","Diseased",3,3,3,3,3,3,5202668,5202668,5202668,5202668,5202668,5202668,3,4956098,5202668,50.78,4956098,4956098,1,1,0,"EC-D-9226-3H1-D-CuP-CeP_LRFM_quast_output"
0,"EC_B1_9413_C4_H_CuP_CeP","LRFM","Long_Read","Rapid","Filtered","Medaka","Cecal",2,2,2,2,2,2,5110834,5110834,5110834,5110834,5110834,5110834,2,5020566,5110834,50.71,5020566,5020566,1,1,0,"EC-B1-9413-C4-H-CuP-CeP_LRFM_quast_output"
0,"EC_A_6245_C4_H_CuP_CeP","LRFM","Long_Read","Rapid","Filtered","Medaka","Cecal",3,3,3,3,3,3,5046517,5046517,5046517,5046517,5046517,5046517,3,4747271,5046517,50.77,4747271,4747271,1,1,0,"EC-A-6245-C4-H-CuP-CeP_LRFM_quast_output"
0,"EC_B1_7578_1L2_D_CuP_CeP","LRFM","Long_Read","Rapid","Filtered","Medaka","Diseased",6,6,4,4,4,3,5012918,5012918,5010485,5010485,5010485,4976944,6,2487240,5012918,50.36,2375092,2375092,2,2,0,"EC-B1-7578-1L2-D-CuP-CeP_LRFM_quast_output"
0,"EC_C_6245_1H1_D_CuP_CeP","LRFM","Long_Read","Rapid","Filtered","Medaka","Diseased",3,3,3,3,3,3,5002156,5002156,5002156,5002156,5002156,5002156,3,4784728,5002156,50.57,4784728,4784728,1,1,0,"EC-C-6245-1H1-D-CuP-CeP_LRFM_quast_output"
0,"EC_A_4957_3S1_D_CuP_CeN","LRFM","Long_Read","Rapid","Filtered","Medaka","Diseased",4,4,4,4,4,4,5705411,5705411,5705411,5705411,5705411,5705411,4,5142258,5705411,50.46,5142258,5142258,1,1,0,"EC-A-4957-3S1-D-CuP-CeN_LRFM_quast_output"
0,"EC_A_0205_C9_H_CuP_CeP","LRFM","Long_Read","Rapid","Filtered","Medaka","Cecal",4,4,4,4,3,3,5241741,5241741,5241741,5241741,5230607,5230607,4,5064109,5241741,50.47,5064109,5064109,1,1,0,"EC-A-0205-C9-H-CuP-CeP_LRFM_quast_output"
0,"EC_G_0205_3S1_D_CuP_CeP","LRFM","Long_Read","Rapid","Filtered","Medaka","Diseased",4,4,4,4,4,4,5385171,5385171,5385171,5385171,5385171,5385171,4,5064728,5385171,50.62,5064728,5064728,1,1,0,"EC-G-0205-3S1-D-CuP-CeP_LRFM_quast_output"
0,"EC_G_9619_2L1_D_CuP_CeP","LRFM","Long_Read","Rapid","Filtered","Medaka","Diseased",3,3,2,2,2,2,5416328,5416328,5412556,5412556,5412556,5412556,3,5216353,5416328,50.82,5216353,5216353,1,1,0,"EC-G-9619-2L1-D-CuP-CeP_LRFM_quast_output"
0,"EC_A_0012_C5_H_CuP_CeN","LRFM","Long_Read","Rapid","Filtered","Medaka","Cecal",2,2,2,2,2,2,5154225,5154225,5154225,5154225,5154225,5154225,2,5060644,5154225,50.56,5060644,5060644,1,1,0,"EC-A-0012-C5-H-CuP-CeN_LRFM_quast_output"
0,"EC_C_23315_C5_H_CuP_CeP","LRFM","Long_Read","Rapid","Filtered","Medaka","Cecal",6,6,6,6,4,3,5163406,5163406,5163406,5163406,5139175,5098922,6,4803936,5163406,50.73,4803936,4803936,1,1,0,"EC-C-23315-C5-H-CuP-CeP_LRFM_quast_output"
0,"EC_E_3862_S2_D_CuP_CeP","LRFM","Long_Read","Rapid","Filtered","Medaka","Diseased",3,3,3,3,3,3,5306134,5306134,5306134,5306134,5306134,5306134,3,5109868,5306134,50.51,5109868,5109868,1,1,0,"EC-E-3862-S2-D-CuP-CeP_LRFM_quast_output"
0,"EC_A_9619_3S1_D_CuP_CeP","LRFM","Long_Read","Rapid","Filtered","Medaka","Diseased",4,4,4,4,4,3,5312535,5312535,5312535,5312535,5312535,5266982,4,4933766,5312535,50.55,4933766,4933766,1,1,0,"EC-A-9619-3S1-D-CuP-CeP_LRFM_quast_output"
0,"EC_B2_0012_2L1_D_CuN_CeP","LRFM","Long_Read","Rapid","Filtered","Medaka","Diseased",2,2,2,2,2,2,5060608,5060608,5060608,5060608,5060608,5060608,2,4905597,5060608,50.7,4905597,4905597,1,1,0,"EC-B2-0012-2L1-D-CuN-CeP_LRFM_quast_output"
0,"EC_A_4957_C3_H_CuP_CeP","LRFM","Long_Read","Rapid","Filtered","Medaka","Cecal",3,3,3,3,3,3,5296787,5296787,5296787,5296787,5296787,5296787,3,5060908,5296787,50.71,5060908,5060908,1,1,0,"EC-A-4957-C3-H-CuP-CeP_LRFM_quast_output"
0,"EC_B1_9226_C5_H_CuN_CeP","LRFM","Long_Read","Rapid","Filtered","Medaka","Cecal",6,6,5,5,4,3,5381858,5381858,5379813,5379813,5368581,5322170,6,5113050,5381858,50.85,5113050,5113050,1,1,0,"EC-B1-9226-C5-H-CuN-CeP_LRFM_quast_output"
0,"EC_E_6245_2L1_D_CuP_CeP","LRFM","Long_Read","Rapid","Filtered","Medaka","Diseased",3,3,3,3,3,3,5001993,5001993,5001993,5001993,5001993,5001993,3,4784837,5001993,50.68,4784837,4784837,1,1,0,"EC-E-6245-2L1-D-CuP-CeP_LRFM_quast_output"
0,"EC_D_9226_2S1_D_CuP_CeP","LRFM","Long_Read","Rapid","Filtered","Medaka","Diseased",5,5,5,5,5,5,5371636,5371636,5371636,5371636,5371636,5371636,5,4944063,5371636,50.66,4944063,4944063,1,1,0,"EC-D-9226-2S1-D-CuP-CeP_LRFM_quast_output"
0,"EC_E_2402_1H1_D_CuP_CeP","LRFM","Long_Read","Rapid","Filtered","Medaka","Diseased",3,3,3,3,3,3,5098120,5098120,5098120,5098120,5098120,5098120,3,4909173,5098120,50.91,4909173,4909173,1,1,0,"EC-E-2402-1H1-D-CuP-CeP_LRFM_quast_output"
0,"EC_A_6245_C4_H_CuP_CeP","LRFMP","Long_Read","Rapid","Filtered","Medaka_Pilon","Cecal",3,3,3,3,3,3,5045272,5045272,5045272,5045272,5045272,5045272,3,4746099,5045272,50.65,4746099,4746099,1,1,0,"EC-A-6245-C4-H-CuP-CeP_LRFMP_quast_output"
0,"EC_E_6245_2L1_D_CuP_CeP","LRFMP","Long_Read","Rapid","Filtered","Medaka_Pilon","Diseased",3,3,3,3,3,3,4999208,4999208,4999208,4999208,4999208,4999208,3,4782142,4999208,50.64,4782142,4782142,1,1,0,"EC-E-6245-2L1-D-CuP-CeP_LRFMP_quast_output"
0,"EC_A_4957_C3_H_CuP_CeP","LRFMP","Long_Read","Rapid","Filtered","Medaka_Pilon","Cecal",3,3,3,3,3,3,5294839,5294839,5294839,5294839,5294839,5294839,3,5058985,5294839,50.78,5058985,5058985,1,1,0,"EC-A-4957-C3-H-CuP-CeP_LRFMP_quast_output"
0,"EC_A_9619_3S1_D_CuP_CeP","LRFMP","Long_Read","Rapid","Filtered","Medaka_Pilon","Diseased",4,4,4,4,4,3,5311397,5311397,5311397,5311397,5311397,5265857,4,4932675,5311397,50.43,4932675,4932675,1,1,0,"EC-A-9619-3S1-D-CuP-CeP_LRFMP_quast_output"
0,"EC_B1_9226_C5_H_CuN_CeP","LRFMP","Long_Read","Rapid","Filtered","Medaka_Pilon","Cecal",6,6,5,5,4,3,5382186,5382186,5380135,5380135,5368892,5322469,6,5113312,5382186,50.69,5113312,5113312,1,1,0,"EC-B1-9226-C5-H-CuN-CeP_LRFMP_quast_output"
0,"EC_A_0205_C9_H_CuP_CeP","LRFMP","Long_Read","Rapid","Filtered","Medaka_Pilon","Cecal",4,4,4,4,3,3,5240483,5240483,5240483,5240483,5229339,5229339,4,5062857,5240483,50.45,5062857,5062857,1,1,0,"EC-A-0205-C9-H-CuP-CeP_LRFMP_quast_output"
0,"EC_E_2402_1H1_D_CuP_CeP","LRFMP","Long_Read","Rapid","Filtered","Medaka_Pilon","Diseased",3,3,3,3,3,3,5063350,5063350,5063350,5063350,5063350,5063350,3,4874622,5063350,50.89,4874622,4874622,1,1,0,"EC-E-2402-1H1-D-CuP-CeP_LRFMP_quast_output"
0,"EC_C_6245_1H1_D_CuP_CeP","LRFMP","Long_Read","Rapid","Filtered","Medaka_Pilon","Diseased",3,3,3,3,3,3,4999977,4999977,4999977,4999977,4999977,4999977,3,4782615,4999977,50.64,4782615,4782615,1,1,0,"EC-C-6245-1H1-D-CuP-CeP_LRFMP_quast_output"
0,"EC_A_0012_C5_H_CuP_CeN","LRFMP","Long_Read","Rapid","Filtered","Medaka_Pilon","Cecal",2,2,2,2,2,2,5154074,5154074,5154074,5154074,5154074,5154074,2,5060391,5154074,50.54,5060391,5060391,1,1,0,"EC-A-0012-C5-H-CuP-CeN_LRFMP_quast_output"
0,"EC_C_23315_C5_H_CuP_CeP","LRFMP","Long_Read","Rapid","Filtered","Medaka_Pilon","Cecal",6,6,6,6,4,3,5163213,5163213,5163213,5163213,5138990,5099004,6,4803995,5163213,50.65,4803995,4803995,1,1,0,"EC-C-23315-C5-H-CuP-CeP_LRFMP_quast_output"
0,"EC_B2_0012_2L1_D_CuN_CeP","LRFMP","Long_Read","Rapid","Filtered","Medaka_Pilon","Diseased",2,2,2,2,2,2,5058770,5058770,5058770,5058770,5058770,5058770,2,4903788,5058770,50.58,4903788,4903788,1,1,0,"EC-B2-0012-2L1-D-CuN-CeP_LRFMP_quast_output"
0,"EC_E_3862_S2_D_CuP_CeP","LRFMP","Long_Read","Rapid","Filtered","Medaka_Pilon","Diseased",3,3,3,3,3,3,5247241,5247241,5247241,5247241,5247241,5247241,3,5052242,5247241,50.75,5052242,5052242,1,1,0,"EC-E-3862-S2-D-CuP-CeP_LRFMP_quast_output"
0,"EC_G_9619_2L1_D_CuP_CeP","LRFMP","Long_Read","Rapid","Filtered","Medaka_Pilon","Diseased",3,3,2,2,2,2,5413583,5413583,5409811,5409811,5409811,5409811,3,5213719,5413583,50.77,5213719,5213719,1,1,0,"EC-G-9619-2L1-D-CuP-CeP_LRFMP_quast_output"
0,"EC_G_0205_3S1_D_CuP_CeP","LRFMP","Long_Read","Rapid","Filtered","Medaka_Pilon","Diseased",4,4,4,4,4,4,5382852,5382852,5382852,5382852,5382852,5382852,4,5062542,5382852,50.51,5062542,5062542,1,1,0,"EC-G-0205-3S1-D-CuP-CeP_LRFMP_quast_output"
0,"EC_B1_9413_C4_H_CuP_CeP","LRFMP","Long_Read","Rapid","Filtered","Medaka_Pilon","Cecal",2,2,2,2,2,2,5111819,5111819,5111819,5111819,5111819,5111819,2,5021573,5111819,50.71,5021573,5021573,1,1,0,"EC-B1-9413-C4-H-CuP-CeP_LRFMP_quast_output"
0,"EC_D_9226_2S1_D_CuP_CeP","LRFMP","Long_Read","Rapid","Filtered","Medaka_Pilon","Diseased",5,5,5,5,5,5,5382390,5382390,5382390,5382390,5382390,5382390,5,4953980,5382390,50.64,4953980,4953980,1,1,0,"EC-D-9226-2S1-D-CuP-CeP_LRFMP_quast_output"
0,"EC_A_4957_3S1_D_CuP_CeN","LRFMP","Long_Read","Rapid","Filtered","Medaka_Pilon","Diseased",4,4,4,4,4,4,5703330,5703330,5703330,5703330,5703330,5703330,4,5140317,5703330,50.53,5140317,5140317,1,1,0,"EC-A-4957-3S1-D-CuP-CeN_LRFMP_quast_output"
0,"EC_D_9226_3H1_D_CuP_CeP","LRFMP","Long_Read","Rapid","Filtered","Medaka_Pilon","Diseased",3,3,3,3,3,3,5200501,5200501,5200501,5200501,5200501,5200501,3,4953959,5200501,50.65,4953959,4953959,1,1,0,"EC-D-9226-3H1-D-CuP-CeP_LRFMP_quast_output"
0,"EC_B1_7578_1L2_D_CuP_CeP","LRFMP","Long_Read","Rapid","Filtered","Medaka_Pilon","Diseased",6,6,4,4,4,3,5013252,5013252,5010816,5010816,5010816,4977370,6,2487671,5013252,50.36,2375049,2375049,2,2,0,"EC-B1-7578-1L2-D-CuP-CeP_LRFMP_quast_output"
0,"EC_A_6245_C4_H_CuP_CeP","LRUF","Long_Read","Rapid","Unfiltered","UNolished","Cecal",3,3,3,3,3,3,5030197,5030197,5030197,5030197,5030197,5030197,3,4732087,5030197,50.67,4732087,4732087,1,1,0,"EC-A-6245-C4-H-CuP-CeP_quast_output"
0,"EC_C_6245_1H1_D_CuP_CeP","LRUF","Long_Read","Rapid","Unfiltered","UNolished","Cecal",4,4,3,3,3,3,5000003,5000003,4997930,4997930,4997930,4997930,4,4780744,5000003,50.59,4780744,4780744,1,1,0,"EC-C-6245-1H1-D-CuP-CeP_quast_output"
0,"EC_E_3862_S2_D_CuP_CeP","LRUF","Long_Read","Rapid","Unfiltered","UNolished","Diseased",4,4,3,3,3,3,5243610,5243610,5241300,5241300,5241300,5241300,4,5047046,5243610,50.7,5047046,5047046,1,1,0,"EC-E-3862-S2-D-CuP-CeP_quast_output"
0,"EC_D_9226_2S1_D_CuP_CeP","LRUF","Long_Read","Rapid","Unfiltered","UNolished","Diseased",7,7,7,6,6,5,5376752,5376752,5376752,5367635,5367635,5321908,7,4940920,5376752,50.66,4940920,4940920,1,1,0,"EC-D-9226-2S1-D-CuP-CeP_quast_output"
0,"EC_A_4957_C3_H_CuP_CeP","LRUF","Long_Read","Rapid","Unfiltered","UNolished","Cecal",4,4,3,3,3,3,5283093,5283093,5280807,5280807,5280807,5280807,4,5045645,5283093,50.73,5045645,5045645,1,1,0,"EC-A-4957-C3-H-CuP-CeP_quast_output"
0,"EC_B1_9226_C5_H_CuN_CeP","LRUF","Long_Read","Rapid","Unfiltered","UNolished","Cecal",10,10,8,7,5,3,5406447,5406447,5399581,5392408,5359821,5272541,10,5109823,5406447,50.71,5109823,5109823,1,1,0,"EC-B1-9226-C5-H-CuN-CeP_quast_output"
0,"EC_B1_7578_1L2_D_CuP_CeP","LRUF","Long_Read","Rapid","Unfiltered","UNolished","Diseased",6,6,4,4,4,3,5010073,5010073,5007647,5007647,5007647,4974303,6,2485897,5010073,50.38,2373844,2373844,2,2,0,"EC-B1-7578-1L2-D-CuP-CeP_quast_output"
0,"EC_B2_0012_2L1_D_CuN_CeP","LRUF","Long_Read","Rapid","Unfiltered","UNolished","Diseased",3,3,2,2,2,2,5025811,5025811,5023049,5023049,5023049,5023049,3,4890169,5025811,50.61,4890169,4890169,1,1,0,"EC-B2-0012-2L1-D-CuN-CeP_quast_output"
0,"EC_A_0012_C5_H_CuP_CeN","LRUF","Long_Read","Rapid","Unfiltered","UNolished","Cecal",5,5,3,3,2,2,5152673,5152673,5148404,5148404,5137369,5137369,5,5044152,5152673,50.41,5044152,5044152,1,1,0,"EC-A-0012-C5-H-CuP-CeN_quast_output"
0,"EC_A_9619_3S1_D_CuP_CeP","LRUF","Long_Read","Rapid","Unfiltered","UNolished","Diseased",5,5,4,4,4,3,5302213,5302213,5299130,5299130,5299130,5253763,5,4921515,5302213,50.45,4921515,4921515,1,1,0,"EC-A-9619-3S1-D-CuP-CeP_quast_output"
0,"EC_A_0205_C9_H_CuP_CeP","LRUF","Long_Read","Rapid","Unfiltered","UNolished","Cecal",8,8,7,7,5,4,5249167,5249167,5245102,5245102,5209542,5173001,8,4770523,5249167,50.35,4770523,4770523,1,1,0,"EC-A-0205-C9-H-CuP-CeP_quast_output"
0,"EC_E_2402_1H1_D_CuP_CeP","LRUF","Long_Read","Rapid","Unfiltered","UNolished","Diseased",4,4,3,3,3,3,5244594,5244594,5242281,5242281,5242281,5242281,4,5047205,5244594,50.7,5047205,5047205,1,1,0,"EC-E-2402-1H1-D-CuP-CeP_quast_output"
0,"EC_G_9619_2L1_D_CuP_CeP","LRUF","Long_Read","Rapid","Unfiltered","UNolished","Diseased",3,3,2,2,2,2,5402691,5402691,5398758,5398758,5398758,5398758,3,5203231,5402691,50.72,5203231,5203231,1,1,0,"EC-G-9619-2L1-D-CuP-CeP_quast_output"
0,"EC_A_4957_3S1_D_CuP_CeN","LRUF","Long_Read","Rapid","Unfiltered","UNolished","Diseased",10,10,9,7,6,6,5687531,5687531,5685476,5674990,5655046,5655046,10,1872584,5687531,50.47,1854025,1367380,2,3,0,"EC-A-4957-3S1-D-CuP-CeN_quast_output"
0,"EC_E_6245_2L1_D_CuP_CeP","LRUF","Long_Read","Rapid","Unfiltered","UNolished","Diseased",3,3,3,3,3,3,4986842,4986842,4986842,4986842,4986842,4986842,3,4770561,4986842,50.59,4770561,4770561,1,1,0,"EC-E-6245-2L1-D-CuP-CeP_quast_output"
0,"EC_G_0205_3S1_D_CuP_CeP","LRUF","Long_Read","Rapid","Unfiltered","UNolished","Diseased",5,5,4,4,4,4,5377837,5377837,5374139,5374139,5374139,5374139,5,5054829,5377837,50.52,5054829,5054829,1,1,0,"EC-G-0205-3S1-D-CuP-CeP_quast_output"
0,"EC_C_23315_C5_H_CuP_CeP","LRUF","Long_Read","Rapid","Unfiltered","UNolished","Cecal",6,6,6,5,4,3,5146515,5146515,5146515,5139910,5129065,5089257,6,4794774,5146515,50.67,4794774,4794774,1,1,0,"EC-C-23315-C5-H-CuP-CeP_quast_output"
0,"EC_D_9226_3H1_D_CuP_CeP","LRUF","Long_Read","Rapid","Unfiltered","UNolished","Diseased",4,4,4,4,3,3,5199773,5199773,5199773,5199773,5186126,5186126,4,4940683,5199773,50.68,4940683,4940683,1,1,0,"EC-D-9226-3H1-D-CuP-CeP_quast_output"
0,"EC_B1_9413_C4_H_CuP_CeP","LRUF","Long_Read","Rapid","Unfiltered","UNolished","Cecal",10,10,6,6,5,4,5091452,5091452,5077762,5077762,5066000,5038911,10,4013883,5091452,50.72,4013883,4013883,1,1,0,"EC-B1-9413-C4-H-CuP-CeP_quast_output"
0,"EC_A_9619_3S1_D_CuP_CeP","LRUFM","Long_Read","Rapid","Unfiltered","Medaka","Diseased",5,5,4,4,4,3,5314951,5314951,5311853,5311853,5311853,5266310,5,4933323,5314951,50.55,4933323,4933323,1,1,0,"EC-A-9619-3S1-D-CuP-CePM_quast_output"
0,"EC_A_6245_C4_H_CuP_CeP","LRUFM","Long_Read","Rapid","Unfiltered","Medaka","Cecal",3,3,3,3,3,3,5046432,5046432,5046432,5046432,5046432,5046432,3,4747200,5046432,50.77,4747200,4747200,1,1,0,"EC-A-6245-C4-H-CuP-CePM_quast_output"
0,"EC_D_9226_2S1_D_CuP_CeP","LRUFM","Long_Read","Rapid","Unfiltered","Medaka","Diseased",7,7,7,6,6,5,5376752,5376752,5376752,5367635,5367635,5321908,7,4940920,5376752,50.66,4940920,4940920,1,1,0,"EC-D-9226-2S1-D-CuP-CePM_quast_output"
0,"EC_A_4957_C3_H_CuP_CeP","LRUFM","Long_Read","Rapid","Unfiltered","Medaka","Cecal",4,4,3,3,3,3,5299039,5299039,5296742,5296742,5296742,5296742,4,5060863,5299039,50.7,5060863,5060863,1,1,0,"EC-A-4957-C3-H-CuP-CePM_quast_output"
0,"EC_A_4957_3S1_D_CuP_CeN","LRUFM","Long_Read","Rapid","Unfiltered","Medaka","Diseased",10,10,9,7,6,6,5702885,5702885,5700814,5690301,5670199,5670199,10,1877395,5702885,50.45,1858702,1370989,2,3,0,"EC-A-4957-3S1-D-CuP-CeNM_quast_output"
0,"EC_B2_0012_2L1_D_CuN_CeP","LRUFM","Long_Read","Rapid","Unfiltered","Medaka","Diseased",3,3,2,2,2,2,5041772,5041772,5038995,5038995,5038995,5038995,3,4905555,5041772,50.7,4905555,4905555,1,1,0,"EC-B2-0012-2L1-D-CuN-CePM_quast_output"
0,"EC_D_9226_3H1_D_CuP_CeP","LRUFM","Long_Read","Rapid","Unfiltered","Medaka","Diseased",4,4,4,4,3,3,5216099,5216099,5216099,5216099,5202352,5202352,4,4955822,5216099,50.78,4955822,4955822,1,1,0,"EC-D-9226-3H1-D-CuP-CePM_quast_output"
0,"EC_G_0205_3S1_D_CuP_CeP","LRUFM","Long_Read","Rapid","Unfiltered","Medaka","Diseased",5,5,4,4,4,4,5377837,5377837,5374139,5374139,5374139,5374139,5,5054829,5377837,50.52,5054829,5054829,1,1,0,"EC-G-0205-3S1-D-CuP-CePM_quast_output"
0,"EC_B1_9226_C5_H_CuN_CeP","LRUFM","Long_Read","Rapid","Unfiltered","Medaka","Cecal",11,11,8,7,5,3,5413004,5413004,5404961,5397746,5365162,5278136,11,5113009,5413004,50.86,5113009,5113009,1,1,0,"EC-B1-9226-C5-H-CuN-CePM_quast_output"
0,"EC_A_0205_C9_H_CuP_CeP","LRUFM","Long_Read","Rapid","Unfiltered","Medaka","Cecal",8,8,7,7,5,4,5259299,5259299,5257217,5257217,5221459,5184803,8,4781187,5259299,50.47,4781187,4781187,1,1,0,"EC-A-0205-C9-H-CuP-CePM_quast_output"
0,"EC_C_6245_1H1_D_CuP_CeP","LRUFM","Long_Read","Rapid","Unfiltered","Medaka","Diseased",4,4,3,3,3,3,5004154,5004154,5002074,5002074,5002074,5002074,4,4784653,5004154,50.57,4784653,4784653,1,1,0,"EC-C-6245-1H1-D-CuP-CePM_quast_output"
0,"EC_A_0012_C5_H_CuP_CeN","LRUFM","Long_Read","Rapid","Unfiltered","Medaka","Cecal",5,5,3,3,2,2,5169415,5169415,5165124,5165124,5153996,5153996,5,5060304,5169415,50.54,5060304,5060304,1,1,0,"EC-A-0012-C5-H-CuP-CeNM_quast_output"
0,"EC_E_2402_1H1_D_CuP_CeP","LRUFM","Long_Read","Rapid","Unfiltered","Medaka","Diseased",4,4,3,3,3,3,5098126,5098126,5095803,5095803,5095803,5095803,4,4905159,5098126,50.91,4905159,4905159,1,1,0,"EC-E-2402-1H1-D-CuP-CePM_quast_output"
0,"EC_B1_9413_C4_H_CuP_CeP","LRUFM","Long_Read","Rapid","Unfiltered","Medaka","Cecal",10,10,6,6,5,4,5098949,5098949,5085230,5085230,5073453,5046307,10,4019802,5098949,50.7,4019802,4019802,1,1,0,"EC-B1-9413-C4-H-CuP-CePM_quast_output"
0,"EC_C_23315_C5_H_CuP_CeP","LRUFM","Long_Read","Rapid","Unfiltered","Medaka","Cecal",6,6,6,5,4,3,5156948,5156948,5156948,5150295,5139408,5099149,6,4803911,5156948,50.73,4803911,4803911,1,1,0,"EC-C-23315-C5-H-CuP-CePM_quast_output"
0,"EC_E_6245_2L1_D_CuP_CeP","LRUFM","Long_Read","Rapid","Unfiltered","Medaka","Diseased",3,3,3,3,3,3,5001847,5001847,5001847,5001847,5001847,5001847,3,4784746,5001847,50.68,4784746,4784746,1,1,0,"EC-E-6245-2L1-D-CuP-CePM_quast_output"
0,"EC_E_3862_S2_D_CuP_CeP","LRUFM","Long_Read","Rapid","Unfiltered","Medaka","Diseased",4,4,3,3,3,3,5303205,5303205,5300881,5300881,5300881,5300881,4,5104363,5303205,50.52,5104363,5104363,1,1,0,"EC-E-3862-S2-D-CuP-CePM_quast_output"
0,"EC_B1_7578_1L2_D_CuP_CeP","LRUFM","Long_Read","Rapid","Unfiltered","Medaka","Diseased",6,6,4,4,4,3,5012787,5012787,5010358,5010358,5010358,4976932,6,2487224,5012787,50.36,2375088,2375088,2,2,0,"EC-B1-7578-1L2-D-CuP-CePM_quast_output"
0,"EC_G_9619_2L1_D_CuP_CeP","LRUFM","Long_Read","Rapid","Unfiltered","Medaka","Diseased",3,3,2,2,2,2,5416505,5416505,5412549,5412549,5412549,5412549,3,5216363,5416505,50.82,5216363,5216363,1,1,0,"EC-G-9619-2L1-D-CuP-CePM_quast_output"
0,"EC_A_0205_C9_H_CuP_CeP","LRUFMP","Long_Read","Rapid","Unfiltered","Medaka_Pilon","Cecal",8,8,7,7,5,4,5258160,5258160,5256075,5256075,5220312,5183664,8,4780113,5258160,50.45,4780113,4780113,1,1,0,"EC-A-0205-C9-H-CuP-CePMP_quast_output"
0,"EC_C_23315_C5_H_CuP_CeP","LRUFMP","Long_Read","Rapid","Unfiltered","Medaka_Pilon","Cecal",6,6,6,5,4,3,5156832,5156832,5156832,5150194,5139305,5099309,6,4804004,5156832,50.66,4804004,4804004,1,1,0,"EC-C-23315-C5-H-CuP-CePMP_quast_output"
0,"EC_D_9226_3H1_D_CuP_CeP","LRUFMP","Long_Read","Rapid","Unfiltered","Medaka_Pilon","Diseased",4,4,4,4,3,3,5214577,5214577,5214577,5214577,5200828,5200828,4,4954322,5214577,50.65,4954322,4954322,1,1,0,"EC-D-9226-3H1-D-CuP-CePMP_quast_output"
0,"EC_A_4957_3S1_D_CuP_CeN","LRUFMP","Long_Read","Rapid","Unfiltered","Medaka_Pilon","Diseased",10,10,9,7,6,6,5700772,5700772,5698700,5688190,5668090,5668090,10,1876472,5700772,50.52,1857885,1370731,2,3,0,"EC-A-4957-3S1-D-CuP-CeNMP_quast_output"
0,"EC_E_3862_S2_D_CuP_CeP","LRUFMP","Long_Read","Rapid","Unfiltered","Medaka_Pilon","Diseased",4,4,3,3,3,3,5249543,5249543,5247223,5247223,5247223,5247223,4,5052232,5249543,50.74,5052232,5052232,1,1,0,"EC-E-3862-S2-D-CuP-CePMP_quast_output"
0,"EC_D_9226_2S1_D_CuP_CeP","LRUFMP","Long_Read","Rapid","Unfiltered","Medaka_Pilon","Diseased",7,7,7,6,6,5,5391458,5391458,5391458,5382327,5382327,5336392,7,4953871,5391458,50.64,4953871,4953871,1,1,0,"EC-D-9226-2S1-D-CuP-CePMP_quast_output"
0,"EC_E_6245_2L1_D_CuP_CeP","LRUFMP","Long_Read","Rapid","Unfiltered","Medaka_Pilon","Diseased",3,3,3,3,3,3,4999171,4999171,4999171,4999171,4999171,4999171,3,4782150,4999171,50.64,4782150,4782150,1,1,0,"EC-E-6245-2L1-D-CuP-CePMP_quast_output"
0,"EC_G_0205_3S1_D_CuP_CeP","LRUFMP","Long_Read","Rapid","Unfiltered","Medaka_Pilon","Diseased",5,5,4,4,4,4,5385804,5385804,5382100,5382100,5382100,5382100,5,5062264,5385804,50.5,5062264,5062264,1,1,0,"EC-G-0205-3S1-D-CuP-CePMP_quast_output"
0,"EC_A_6245_C4_H_CuP_CeP","LRUFMP","Long_Read","Rapid","Unfiltered","Medaka_Pilon","Cecal",3,3,3,3,3,3,5045244,5045244,5045244,5045244,5045244,5045244,3,4746077,5045244,50.65,4746077,4746077,1,1,0,"EC-A-6245-C4-H-CuP-CePMP_quast_output"
0,"EC_A_0012_C5_H_CuP_CeN","LRUFMP","Long_Read","Rapid","Unfiltered","Medaka_Pilon","Cecal",5,5,3,3,2,2,5169588,5169588,5165295,5165295,5154165,5154165,5,5060372,5169588,50.52,5060372,5060372,1,1,0,"EC-A-0012-C5-H-CuP-CeNMP_quast_output"
0,"EC_B1_9226_C5_H_CuN_CeP","LRUFMP","Long_Read","Rapid","Unfiltered","Medaka_Pilon","Cecal",11,11,8,7,5,3,5413384,5413384,5405341,5398126,5365540,5278517,11,5113366,5413384,50.7,5113366,5113366,1,1,0,"EC-B1-9226-C5-H-CuN-CePMP_quast_output"
0,"EC_G_9619_2L1_D_CuP_CeP","LRUFMP","Long_Read","Rapid","Unfiltered","Medaka_Pilon","Diseased",3,3,2,2,2,2,5413747,5413747,5409792,5409792,5409792,5409792,3,5213709,5413747,50.77,5213709,5213709,1,1,0,"EC-G-9619-2L1-D-CuP-CePMP_quast_output"
0,"EC_A_4957_C3_H_CuP_CeP","LRUFMP","Long_Read","Rapid","Unfiltered","Medaka_Pilon","Cecal",4,4,3,3,3,3,5297120,5297120,5294822,5294822,5294822,5294822,4,5058969,5297120,50.77,5058969,5058969,1,1,0,"EC-A-4957-C3-H-CuP-CePMP_quast_output"
0,"EC_A_9619_3S1_D_CuP_CeP","LRUFMP","Long_Read","Rapid","Unfiltered","Medaka_Pilon","Diseased",5,5,4,4,4,3,5313548,5313548,5310450,5310450,5310450,5264911,5,4932248,5313548,50.44,4932248,4932248,1,1,0,"EC-A-9619-3S1-D-CuP-CePMP_quast_output"
0,"EC_B1_7578_1L2_D_CuP_CeP","LRUFMP","Long_Read","Rapid","Unfiltered","Medaka_Pilon","Diseased",6,6,4,4,4,3,5013245,5013245,5010813,5010813,5010813,4977388,6,2487671,5013245,50.36,2375049,2375049,2,2,0,"EC-B1-7578-1L2-D-CuP-CePMP_quast_output"
0,"EC_C_6245_1H1_D_CuP_CeP","LRUFMP","Long_Read","Rapid","Unfiltered","Medaka_Pilon","Diseased",4,4,3,3,3,3,5004154,5004154,5002074,5002074,5002074,5002074,4,4784653,5004154,50.57,4784653,4784653,1,1,0,"EC-C-6245-1H1-D-CuP-CePMP_quast_output"
0,"EC_B1_9413_C4_H_CuP_CeP","LRUFMP","Long_Read","Rapid","Unfiltered","Medaka_Pilon","Cecal",10,10,6,6,5,4,5099903,5099903,5086171,5086171,5074394,5047268,10,4020627,5099903,50.7,4020627,4020627,1,1,0,"EC-B1-9413-C4-H-CuP-CePMP_quast_output"
0,"EC_E_2402_1H1_D_CuP_CeP","LRUFMP","Long_Read","Rapid","Unfiltered","Medaka_Pilon","Diseased",4,4,3,3,3,3,5063593,5063593,5061270,5061270,5061270,5061270,4,4870876,5063593,50.9,4870876,4870876,1,1,0,"EC-E-2402-1H1-D-CuP-CePMP_quast_output"
0,"EC_B2_0012_2L1_D_CuN_CeP","LRUFMP","Long_Read","Rapid","Unfiltered","Medaka_Pilon","Diseased",3,3,2,2,2,2,5039975,5039975,5037200,5037200,5037200,5037200,3,4903794,5039975,50.58,4903794,4903794,1,1,0,"EC-B2-0012-2L1-D-CuN-CePMP_quast_output"
